problem_class,method,axis,checkpoint,terminal_paired_instances,common_available_instances,common_available_pct,mean_hv_deficit_pct,mean_makespan_gap_pct,mean_flowtime_gap_pct
ALL,XG,evaluations,1,69,69,100.0,3.4982824958228935,18.40542311881201,14.586924746315088
ALL,XH,evaluations,1,69,69,100.0,3.4982824958228935,18.40542311881201,14.586924746315088
ALL,XT,evaluations,1,69,69,100.0,3.4982824958228935,18.40542311881201,14.586924746315088
ALL,XE,evaluations,1,69,69,100.0,3.4982824958228935,18.40542311881201,14.586924746315088
ALL,XHT,evaluations,1,69,69,100.0,3.4982824958228935,18.40542311881201,14.586924746315088
ALL,XHE,evaluations,1,69,69,100.0,3.4982824958228935,18.40542311881201,14.586924746315088
ALL,XTE,evaluations,1,69,69,100.0,3.4982824958228935,18.40542311881201,14.586924746315088
ALL,XHTE,evaluations,1,69,69,100.0,3.4982824958228935,18.40542311881201,14.586924746315088
ALL,NSGA-II,evaluations,1,69,69,100.0,7.953187180707235,55.875044698260304,55.119232281769136
ALL,SPEA2,evaluations,1,69,69,100.0,7.953187180707235,55.875044698260304,55.119232281769136
ALL,MOEA/D,evaluations,1,69,69,100.0,7.953187180707235,55.875044698260304,55.119232281769136
ALL,SMS-EMOA,evaluations,1,69,69,100.0,7.953187180707235,55.875044698260304,55.119232281769136
JSP,XG,evaluations,1,19,19,100.0,3.5596082830413915,16.83719511484406,11.32292622553319
JSP,XH,evaluations,1,19,19,100.0,3.5596082830413915,16.83719511484406,11.32292622553319
JSP,XT,evaluations,1,19,19,100.0,3.5596082830413915,16.83719511484406,11.32292622553319
JSP,XE,evaluations,1,19,19,100.0,3.5596082830413915,16.83719511484406,11.32292622553319
JSP,XHT,evaluations,1,19,19,100.0,3.5596082830413915,16.83719511484406,11.32292622553319
JSP,XHE,evaluations,1,19,19,100.0,3.5596082830413915,16.83719511484406,11.32292622553319
JSP,XTE,evaluations,1,19,19,100.0,3.5596082830413915,16.83719511484406,11.32292622553319
JSP,XHTE,evaluations,1,19,19,100.0,3.5596082830413915,16.83719511484406,11.32292622553319
JSP,NSGA-II,evaluations,1,19,19,100.0,4.548633269762286,19.829439445439693,25.09424448894493
JSP,SPEA2,evaluations,1,19,19,100.0,4.548633269762286,19.829439445439693,25.09424448894493
JSP,MOEA/D,evaluations,1,19,19,100.0,4.548633269762286,19.829439445439693,25.09424448894493
JSP,SMS-EMOA,evaluations,1,19,19,100.0,4.548633269762286,19.829439445439693,25.09424448894493
FJSP,XG,evaluations,1,32,32,100.0,2.8485599802891794,21.47230641801704,15.226658519370213
FJSP,XH,evaluations,1,32,32,100.0,2.8485599802891794,21.47230641801704,15.226658519370213
FJSP,XT,evaluations,1,32,32,100.0,2.8485599802891794,21.47230641801704,15.226658519370213
FJSP,XE,evaluations,1,32,32,100.0,2.8485599802891794,21.47230641801704,15.226658519370213
FJSP,XHT,evaluations,1,32,32,100.0,2.8485599802891794,21.47230641801704,15.226658519370213
FJSP,XHE,evaluations,1,32,32,100.0,2.8485599802891794,21.47230641801704,15.226658519370213
FJSP,XTE,evaluations,1,32,32,100.0,2.8485599802891794,21.47230641801704,15.226658519370213
FJSP,XHTE,evaluations,1,32,32,100.0,2.8485599802891794,21.47230641801704,15.226658519370213
FJSP,NSGA-II,evaluations,1,32,32,100.0,11.04270405529736,97.98130069816183,92.29334912648412
FJSP,SPEA2,evaluations,1,32,32,100.0,11.04270405529736,97.98130069816183,92.29334912648412
FJSP,MOEA/D,evaluations,1,32,32,100.0,11.04270405529736,97.98130069816183,92.29334912648412
FJSP,SMS-EMOA,evaluations,1,32,32,100.0,11.04270405529736,97.98130069816183,92.29334912648412
PFSP,XG,evaluations,1,18,18,100.0,4.588611970263305,14.608537924413682,16.894952032820203
PFSP,XH,evaluations,1,18,18,100.0,4.588611970263305,14.608537924413682,16.894952032820203
PFSP,XT,evaluations,1,18,18,100.0,4.588611970263305,14.608537924413682,16.894952032820203
PFSP,XE,evaluations,1,18,18,100.0,4.588611970263305,14.608537924413682,16.894952032820203
PFSP,XHT,evaluations,1,18,18,100.0,4.588611970263305,14.608537924413682,16.894952032820203
PFSP,XHE,evaluations,1,18,18,100.0,4.588611970263305,14.608537924413682,16.894952032820203
PFSP,XTE,evaluations,1,18,18,100.0,4.588611970263305,14.608537924413682,16.894952032820203
PFSP,XHTE,evaluations,1,18,18,100.0,4.588611970263305,14.608537924413682,16.894952032820203
PFSP,NSGA-II,evaluations,1,18,18,100.0,6.054408531877792,19.067617354190453,20.724956116923615
PFSP,SPEA2,evaluations,1,18,18,100.0,6.054408531877792,19.067617354190453,20.724956116923615
PFSP,MOEA/D,evaluations,1,18,18,100.0,6.054408531877792,19.067617354190453,20.724956116923615
PFSP,SMS-EMOA,evaluations,1,18,18,100.0,6.054408531877792,19.067617354190453,20.724956116923615
ALL,XG,evaluations,10,69,69,100.0,3.4982824958228935,18.40542311881201,14.586924746315088
ALL,XH,evaluations,10,69,69,100.0,1.9605539854970275,9.336617918483341,10.395993384385799
ALL,XT,evaluations,10,69,69,100.0,2.3619578290969288,12.382808913194323,10.98427054857383
ALL,XE,evaluations,10,69,69,100.0,3.287969570253331,17.688072946446713,13.835883709209076
ALL,XHT,evaluations,10,69,69,100.0,1.9605539854970275,9.336617918483341,10.395993384385799
ALL,XHE,evaluations,10,69,69,100.0,1.9605539854970275,9.336617918483341,10.395993384385799
ALL,XTE,evaluations,10,69,69,100.0,2.3619578290969288,12.382808913194323,10.98427054857383
ALL,XHTE,evaluations,10,69,69,100.0,1.9605539854970275,9.336617918483341,10.395993384385799
ALL,NSGA-II,evaluations,10,69,69,100.0,6.122494353725456,42.87968045003097,44.265168975810106
ALL,SPEA2,evaluations,10,69,69,100.0,6.122494353725456,42.87968045003097,44.265168975810106
ALL,MOEA/D,evaluations,10,69,69,100.0,6.122494353725456,42.87968045003097,44.265168975810106
ALL,SMS-EMOA,evaluations,10,69,69,100.0,6.122494353725456,42.87968045003097,44.265168975810106
JSP,XG,evaluations,10,19,19,100.0,3.5596082830413915,16.83719511484406,11.32292622553319
JSP,XH,evaluations,10,19,19,100.0,1.2281721063425042,5.253659878897825,6.0547159764273415
JSP,XT,evaluations,10,19,19,100.0,1.7120116349892078,8.714262952007132,7.040081854515161
JSP,XE,evaluations,10,19,19,100.0,3.5596082830413915,16.83719511484406,11.32292622553319
JSP,XHT,evaluations,10,19,19,100.0,1.2281721063425042,5.253659878897825,6.0547159764273415
JSP,XHE,evaluations,10,19,19,100.0,1.2281721063425042,5.253659878897825,6.0547159764273415
JSP,XTE,evaluations,10,19,19,100.0,1.7120116349892078,8.714262952007132,7.040081854515161
JSP,XHTE,evaluations,10,19,19,100.0,1.2281721063425042,5.253659878897825,6.0547159764273415
JSP,NSGA-II,evaluations,10,19,19,100.0,3.3189183313397534,14.231974788012966,20.014708673091665
JSP,SPEA2,evaluations,10,19,19,100.0,3.3189183313397534,14.231974788012966,20.014708673091665
JSP,MOEA/D,evaluations,10,19,19,100.0,3.3189183313397534,14.231974788012966,20.014708673091665
JSP,SMS-EMOA,evaluations,10,19,19,100.0,3.3189183313397534,14.231974788012966,20.014708673091665
FJSP,XG,evaluations,10,32,32,100.0,2.8485599802891794,21.47230641801704,15.226658519370213
FJSP,XH,evaluations,10,32,32,100.0,1.486388735582713,10.360059068528237,11.41474991424995
FJSP,XT,evaluations,10,32,32,100.0,2.0066307642236705,14.891232207387825,11.512838707858913
FJSP,XE,evaluations,10,32,32,100.0,2.8485599802891794,21.47230641801704,15.226658519370213
FJSP,XHT,evaluations,10,32,32,100.0,1.486388735582713,10.360059068528237,11.41474991424995
FJSP,XHE,evaluations,10,32,32,100.0,1.486388735582713,10.360059068528237,11.41474991424995
FJSP,XTE,evaluations,10,32,32,100.0,2.0066307642236705,14.891232207387825,11.512838707858913
FJSP,XHTE,evaluations,10,32,32,100.0,1.486388735582713,10.360059068528237,11.41474991424995
FJSP,NSGA-II,evaluations,10,32,32,100.0,8.923215846017298,76.77881552397213,75.4526912378666
FJSP,SPEA2,evaluations,10,32,32,100.0,8.923215846017298,76.77881552397213,75.4526912378666
FJSP,MOEA/D,evaluations,10,32,32,100.0,8.923215846017298,76.77881552397213,75.4526912378666
FJSP,SMS-EMOA,evaluations,10,32,32,100.0,8.923215846017298,76.77881552397213,75.4526912378666
PFSP,XG,evaluations,10,18,18,100.0,4.588611970263305,14.608537924413682,16.894952032820203
PFSP,XH,evaluations,10,18,18,100.0,3.5765841911189162,11.826956026854909,13.167330150805679
PFSP,XT,evaluations,10,18,18,100.0,3.679704704874205,11.79574379365902,14.207904109128945
PFSP,XE,evaluations,10,18,18,100.0,3.7824124222466473,11.858695597013371,14.015961390580488
PFSP,XHT,evaluations,10,18,18,100.0,3.5765841911189162,11.826956026854909,13.167330150805679
PFSP,XHE,evaluations,10,18,18,100.0,3.5765841911189162,11.826956026854909,13.167330150805679
PFSP,XTE,evaluations,10,18,18,100.0,3.679704704874205,11.79574379365902,14.207904109128945
PFSP,XHTE,evaluations,10,18,18,100.0,3.5765841911189162,11.826956026854909,13.167330150805679
PFSP,NSGA-II,evaluations,10,18,18,100.0,4.102764168835978,12.853796295154572,14.418393051690247
PFSP,SPEA2,evaluations,10,18,18,100.0,4.102764168835978,12.853796295154572,14.418393051690247
PFSP,MOEA/D,evaluations,10,18,18,100.0,4.102764168835978,12.853796295154572,14.418393051690247
PFSP,SMS-EMOA,evaluations,10,18,18,100.0,4.102764168835978,12.853796295154572,14.418393051690247
ALL,XG,evaluations,25,69,69,100.0,3.4982824958228935,18.40542311881201,14.586924746315088
ALL,XH,evaluations,25,69,69,100.0,1.701822919714581,7.49637774811663,9.191950128140116
ALL,XT,evaluations,25,69,69,100.0,2.0776103874567724,11.029089203097302,9.932611615758704
ALL,XE,evaluations,25,69,69,100.0,3.188411383312035,17.329918876708344,13.3874113312895
ALL,XHT,evaluations,25,69,69,100.0,1.701822919714581,7.49637774811663,9.191950128140116
ALL,XHE,evaluations,25,69,69,100.0,1.701822919714581,7.49637774811663,9.191950128140116
ALL,XTE,evaluations,25,69,69,100.0,2.0776103874567724,11.029089203097302,9.932611615758704
ALL,XHTE,evaluations,25,69,69,100.0,1.701822919714581,7.49637774811663,9.191950128140116
ALL,NSGA-II,evaluations,25,69,69,100.0,5.5675882385274305,39.62080049447079,41.61800092561698
ALL,SPEA2,evaluations,25,69,69,100.0,5.5675882385274305,39.62080049447079,41.61800092561698
ALL,MOEA/D,evaluations,25,69,69,100.0,5.5675882385274305,39.62080049447079,41.61800092561698
ALL,SMS-EMOA,evaluations,25,69,69,100.0,5.5675882385274305,39.62080049447079,41.61800092561698
JSP,XG,evaluations,25,19,19,100.0,3.5596082830413915,16.83719511484406,11.32292622553319
JSP,XH,evaluations,25,19,19,100.0,1.0071885012422406,4.102901842815468,5.501559022963053
JSP,XT,evaluations,25,19,19,100.0,1.2917106718987388,7.117512121432641,6.029745042096935
JSP,XE,evaluations,25,19,19,100.0,3.5596082830413915,16.83719511484406,11.32292622553319
JSP,XHT,evaluations,25,19,19,100.0,1.0071885012422406,4.102901842815468,5.501559022963053
JSP,XHE,evaluations,25,19,19,100.0,1.0071885012422406,4.102901842815468,5.501559022963053
JSP,XTE,evaluations,25,19,19,100.0,1.2917106718987388,7.117512121432641,6.029745042096935
JSP,XHTE,evaluations,25,19,19,100.0,1.0071885012422406,4.102901842815468,5.501559022963053
JSP,NSGA-II,evaluations,25,19,19,100.0,3.0621171900834536,13.09174823298016,18.68656184187141
JSP,SPEA2,evaluations,25,19,19,100.0,3.0621171900834536,13.09174823298016,18.68656184187141
JSP,MOEA/D,evaluations,25,19,19,100.0,3.0621171900834536,13.09174823298016,18.68656184187141
JSP,SMS-EMOA,evaluations,25,19,19,100.0,3.0621171900834536,13.09174823298016,18.68656184187141
FJSP,XG,evaluations,25,32,32,100.0,2.8485599802891794,21.47230641801704,15.226658519370213
FJSP,XH,evaluations,25,32,32,100.0,1.1245921832359296,7.3890262642187166,9.255864953874308
FJSP,XT,evaluations,25,32,32,100.0,1.8086135905597231,13.391814407640894,10.417802534837119
FJSP,XE,evaluations,25,32,32,100.0,2.8485599802891794,21.47230641801704,15.226658519370213
FJSP,XHT,evaluations,25,32,32,100.0,1.1245921832359296,7.3890262642187166,9.255864953874308
FJSP,XHE,evaluations,25,32,32,100.0,1.1245921832359296,7.3890262642187166,9.255864953874308
FJSP,XTE,evaluations,25,32,32,100.0,1.8086135905597231,13.391814407640894,10.417802534837119
FJSP,XHTE,evaluations,25,32,32,100.0,1.1245921832359296,7.3890262642187166,9.255864953874308
FJSP,NSGA-II,evaluations,25,32,32,100.0,8.257340732812187,71.81577580494395,71.51270106478884
FJSP,SPEA2,evaluations,25,32,32,100.0,8.257340732812187,71.81577580494395,71.51270106478884
FJSP,MOEA/D,evaluations,25,32,32,100.0,8.257340732812187,71.81577580494395,71.51270106478884
FJSP,SMS-EMOA,evaluations,25,32,32,100.0,8.257340732812187,71.81577580494395,71.51270106478884
PFSP,XG,evaluations,25,18,18,100.0,4.588611970263305,14.608537924413682,16.894952032820203
PFSP,XH,evaluations,25,18,18,100.0,3.4612361151752102,11.269227175086371,12.973736604521784
PFSP,XT,evaluations,25,18,18,100.0,3.385387726140562,10.957575758999173,13.18974247626228
PFSP,XE,evaluations,25,18,18,100.0,3.4007727056383454,10.485771663016294,12.296817275222109
PFSP,XHT,evaluations,25,18,18,100.0,3.4612361151752102,11.269227175086371,12.973736604521784
PFSP,XHE,evaluations,25,18,18,100.0,3.4612361151752102,11.269227175086371,12.973736604521784
PFSP,XTE,evaluations,25,18,18,100.0,3.385387726140562,10.957575758999173,13.18974247626228
PFSP,XHTE,evaluations,25,18,18,100.0,3.4612361151752102,11.269227175086371,12.973736604521784
PFSP,NSGA-II,evaluations,25,18,18,100.0,3.4304699109342813,10.388177329647496,12.67727526659845
PFSP,SPEA2,evaluations,25,18,18,100.0,3.4304699109342813,10.388177329647496,12.67727526659845
PFSP,MOEA/D,evaluations,25,18,18,100.0,3.4304699109342813,10.388177329647496,12.67727526659845
PFSP,SMS-EMOA,evaluations,25,18,18,100.0,3.4304699109342813,10.388177329647496,12.67727526659845
ALL,XG,evaluations,50,69,69,100.0,3.4982824958228935,18.40542311881201,14.586924746315088
ALL,XH,evaluations,50,69,69,100.0,1.5131118138965816,6.537273665838986,8.187543502081299
ALL,XT,evaluations,50,69,69,100.0,1.8965760654396742,10.000629534638948,9.046043600864623
ALL,XE,evaluations,50,69,69,100.0,3.0298959910113585,16.889598523963404,12.937385930888997
ALL,XHT,evaluations,50,69,69,100.0,1.5131118138965816,6.537273665838986,8.187543502081299
ALL,XHE,evaluations,50,69,69,100.0,1.5131118138965816,6.537273665838986,8.187543502081299
ALL,XTE,evaluations,50,69,69,100.0,1.8965760654396742,10.000629534638948,9.046043600864623
ALL,XHTE,evaluations,50,69,69,100.0,1.5131118138965816,6.537273665838986,8.187543502081299
ALL,NSGA-II,evaluations,50,69,69,100.0,5.178371940583181,36.980333864750925,39.33338358620661
ALL,SPEA2,evaluations,50,69,69,100.0,5.178371940583181,36.980333864750925,39.33338358620661
ALL,MOEA/D,evaluations,50,69,69,100.0,5.178371940583181,36.980333864750925,39.33338358620661
ALL,SMS-EMOA,evaluations,50,69,69,100.0,5.178371940583181,36.980333864750925,39.33338358620661
JSP,XG,evaluations,50,19,19,100.0,3.5596082830413915,16.83719511484406,11.32292622553319
JSP,XH,evaluations,50,19,19,100.0,0.8509542929360236,3.23951399461981,5.237467417822398
JSP,XT,evaluations,50,19,19,100.0,1.0530117514433481,5.9943818727669065,4.996890037142661
JSP,XE,evaluations,50,19,19,100.0,3.5596082830413915,16.83719511484406,11.32292622553319
JSP,XHT,evaluations,50,19,19,100.0,0.8509542929360236,3.23951399461981,5.237467417822398
JSP,XHE,evaluations,50,19,19,100.0,0.8509542929360236,3.23951399461981,5.237467417822398
JSP,XTE,evaluations,50,19,19,100.0,1.0530117514433481,5.9943818727669065,4.996890037142661
JSP,XHTE,evaluations,50,19,19,100.0,0.8509542929360236,3.23951399461981,5.237467417822398
JSP,NSGA-II,evaluations,50,19,19,100.0,2.783033626187385,11.730870268448648,17.965656629449057
JSP,SPEA2,evaluations,50,19,19,100.0,2.783033626187385,11.730870268448648,17.965656629449057
JSP,MOEA/D,evaluations,50,19,19,100.0,2.783033626187385,11.730870268448648,17.965656629449057
JSP,SMS-EMOA,evaluations,50,19,19,100.0,2.783033626187385,11.730870268448648,17.965656629449057
FJSP,XG,evaluations,50,32,32,100.0,2.8485599802891794,21.47230641801704,15.226658519370213
FJSP,XH,evaluations,50,32,32,100.0,0.8667957531391209,6.043826177197065,7.317345044025861
FJSP,XT,evaluations,50,32,32,100.0,1.632130894072306,12.041927727621989,9.441999731747655
FJSP,XE,evaluations,50,32,32,100.0,2.8485599802891794,21.47230641801704,15.226658519370213
FJSP,XHT,evaluations,50,32,32,100.0,0.8667957531391209,6.043826177197065,7.317345044025861
FJSP,XHE,evaluations,50,32,32,100.0,0.8667957531391209,6.043826177197065,7.317345044025861
FJSP,XTE,evaluations,50,32,32,100.0,1.632130894072306,12.041927727621989,9.441999731747655
FJSP,XHTE,evaluations,50,32,32,100.0,0.8667957531391209,6.043826177197065,7.317345044025861
FJSP,NSGA-II,evaluations,50,32,32,100.0,7.800900946239087,67.48250390083744,67.88247159420763
FJSP,SPEA2,evaluations,50,32,32,100.0,7.800900946239087,67.48250390083744,67.88247159420763
FJSP,MOEA/D,evaluations,50,32,32,100.0,7.800900946239087,67.48250390083744,67.88247159420763
FJSP,SMS-EMOA,evaluations,50,32,32,100.0,7.800900946239087,67.48250390083744,67.88247159420763
PFSP,XG,evaluations,50,18,18,100.0,4.588611970263305,14.608537924413682,16.894952032820203
PFSP,XH,evaluations,50,18,18,100.0,3.3610621940348784,10.895482187489305,12.848532183119804
PFSP,XT,evaluations,50,18,18,100.0,3.2571298126444503,10.600471945756254,12.616228129890192
PFSP,XE,evaluations,50,18,18,100.0,2.7931303684857527,8.79787697749402,10.571719907020187
PFSP,XHT,evaluations,50,18,18,100.0,3.3610621940348784,10.895482187489305,12.848532183119804
PFSP,XHE,evaluations,50,18,18,100.0,3.3610621940348784,10.895482187489305,12.848532183119804
PFSP,XTE,evaluations,50,18,18,100.0,3.2571298126444503,10.600471945756254,12.616228129890192
PFSP,XHTE,evaluations,50,18,18,100.0,3.3610621940348784,10.895482187489305,12.848532183119804
PFSP,NSGA-II,evaluations,50,18,18,100.0,3.0445108179460227,9.406465374471729,11.134272248559983
PFSP,SPEA2,evaluations,50,18,18,100.0,3.0445108179460227,9.406465374471729,11.134272248559983
PFSP,MOEA/D,evaluations,50,18,18,100.0,3.0445108179460227,9.406465374471729,11.134272248559983
PFSP,SMS-EMOA,evaluations,50,18,18,100.0,3.0445108179460227,9.406465374471729,11.134272248559983
ALL,XG,evaluations,100,69,69,100.0,3.4982824958228935,18.40542311881201,14.586924746315088
ALL,XH,evaluations,100,69,69,100.0,1.3343448584300086,5.471161570595301,7.272529625076322
ALL,XT,evaluations,100,69,69,100.0,1.7106761712322538,9.00325955795604,8.439424958797835
ALL,XE,evaluations,100,69,69,100.0,2.7316371728646374,15.886173808677123,12.291837987950522
ALL,XHT,evaluations,100,69,69,100.0,1.3343448584300086,5.471161570595301,7.272529625076322
ALL,XHE,evaluations,100,69,69,100.0,1.3343448584300086,5.471161570595301,7.272529625076322
ALL,XTE,evaluations,100,69,69,100.0,1.7106761712322538,9.00325955795604,8.439424958797835
ALL,XHTE,evaluations,100,69,69,100.0,1.3343448584300086,5.471161570595301,7.272529625076322
ALL,NSGA-II,evaluations,100,69,69,100.0,4.900022465861564,35.45684052863389,37.990143198263326
ALL,SPEA2,evaluations,100,69,69,100.0,4.900022465861564,35.45684052863389,37.990143198263326
ALL,MOEA/D,evaluations,100,69,69,100.0,4.900022465861564,35.45684052863389,37.990143198263326
ALL,SMS-EMOA,evaluations,100,69,69,100.0,4.900022465861564,35.45684052863389,37.990143198263326
JSP,XG,evaluations,100,19,19,100.0,3.5596082830413915,16.83719511484406,11.32292622553319
JSP,XH,evaluations,100,19,19,100.0,0.6349698886353266,2.547070105412446,4.369748038356184
JSP,XT,evaluations,100,19,19,100.0,0.8437143656102299,4.793589015690929,4.591814110777053
JSP,XE,evaluations,100,19,19,100.0,3.1400175605329506,15.581259392175468,11.32292622553319
JSP,XHT,evaluations,100,19,19,100.0,0.6349698886353266,2.547070105412446,4.369748038356184
JSP,XHE,evaluations,100,19,19,100.0,0.6349698886353266,2.547070105412446,4.369748038356184
JSP,XTE,evaluations,100,19,19,100.0,0.8437143656102299,4.793589015690929,4.591814110777053
JSP,XHTE,evaluations,100,19,19,100.0,0.6349698886353266,2.547070105412446,4.369748038356184
JSP,NSGA-II,evaluations,100,19,19,100.0,2.621540983445677,11.198316291173558,17.314802217911534
JSP,SPEA2,evaluations,100,19,19,100.0,2.621540983445677,11.198316291173558,17.314802217911534
JSP,MOEA/D,evaluations,100,19,19,100.0,2.621540983445677,11.198316291173558,17.314802217911534
JSP,SMS-EMOA,evaluations,100,19,19,100.0,2.621540983445677,11.198316291173558,17.314802217911534
FJSP,XG,evaluations,100,32,32,100.0,2.8485599802891794,21.47230641801704,15.226658519370213
FJSP,XH,evaluations,100,32,32,100.0,0.6412464404042074,4.325058654817795,5.882751853942938
FJSP,XT,evaluations,100,32,32,100.0,1.4162077673867834,10.760139807951422,8.554426586894955
FJSP,XE,evaluations,100,32,32,100.0,2.834154282798496,21.243591914974445,15.22601597799055
FJSP,XHT,evaluations,100,32,32,100.0,0.6412464404042074,4.325058654817795,5.882751853942938
FJSP,XHE,evaluations,100,32,32,100.0,0.6412464404042074,4.325058654817795,5.882751853942938
FJSP,XTE,evaluations,100,32,32,100.0,1.4162077673867834,10.760139807951422,8.554426586894955
FJSP,XHTE,evaluations,100,32,32,100.0,0.6412464404042074,4.325058654817795,5.882751853942938
FJSP,NSGA-II,evaluations,100,32,32,100.0,7.457793090440085,64.97742016411907,65.89888238814399
FJSP,SPEA2,evaluations,100,32,32,100.0,7.457793090440085,64.97742016411907,65.89888238814399
FJSP,MOEA/D,evaluations,100,32,32,100.0,7.457793090440085,64.97742016411907,65.89888238814399
FJSP,SMS-EMOA,evaluations,100,32,32,100.0,7.457793090440085,64.97742016411907,65.89888238814399
PFSP,XG,evaluations,100,18,18,100.0,4.588611970263305,14.608537924413682,16.894952032820203
PFSP,XH,evaluations,100,18,18,100.0,3.3047489585924863,10.595218856337215,12.80729289307359
PFSP,XT,evaluations,100,18,18,100.0,3.149301906225226,10.323458019244088,12.296344626202671
PFSP,XE,evaluations,100,18,18,100.0,2.1183163459990024,6.683729059344743,8.098261754875436
PFSP,XHT,evaluations,100,18,18,100.0,3.3047489585924863,10.595218856337215,12.80729289307359
PFSP,XHE,evaluations,100,18,18,100.0,3.3047489585924863,10.595218856337215,12.80729289307359
PFSP,XTE,evaluations,100,18,18,100.0,3.149301906225226,10.323458019244088,12.296344626202671
PFSP,XHTE,evaluations,100,18,18,100.0,3.3047489585924863,10.595218856337215,12.80729289307359
PFSP,NSGA-II,evaluations,100,18,18,100.0,2.7579384758276304,8.582030093979482,10.198577895513488
PFSP,SPEA2,evaluations,100,18,18,100.0,2.7579384758276304,8.582030093979482,10.198577895513488
PFSP,MOEA/D,evaluations,100,18,18,100.0,2.7579384758276304,8.582030093979482,10.198577895513488
PFSP,SMS-EMOA,evaluations,100,18,18,100.0,2.7579384758276304,8.582030093979482,10.198577895513488
ALL,XG,evaluations,250,69,69,100.0,3.4982824958228935,18.40542311881201,14.586924746315088
ALL,XH,evaluations,250,69,69,100.0,1.1212390951668936,4.010934542424834,6.240992114657741
ALL,XT,evaluations,250,69,69,100.0,1.5490036759239738,7.9633358045803435,7.878256076814202
ALL,XE,evaluations,250,69,69,100.0,2.3327819999914703,14.23262141812291,11.150663823927474
ALL,XHT,evaluations,250,69,69,100.0,1.1212390951668936,4.010934542424834,6.240992114657741
ALL,XHE,evaluations,250,69,69,100.0,1.1212390951668936,4.010934542424834,6.240992114657741
ALL,XTE,evaluations,250,69,69,100.0,1.5490036759239738,7.9633358045803435,7.878256076814202
ALL,XHTE,evaluations,250,69,69,100.0,1.1212390951668936,4.010934542424834,6.240992114657741
ALL,NSGA-II,evaluations,250,69,69,100.0,4.3548210006176795,32.08851042427193,35.29051850445734
ALL,SPEA2,evaluations,250,69,69,100.0,4.321611128308106,31.5078466879276,34.769049061980695
ALL,MOEA/D,evaluations,250,69,69,100.0,3.749701578930968,28.33887475326382,31.90119608980988
ALL,SMS-EMOA,evaluations,250,69,69,100.0,4.374131073750351,32.72217451407569,35.0179527680618
JSP,XG,evaluations,250,19,19,100.0,3.5596082830413915,16.83719511484406,11.32292622553319
JSP,XH,evaluations,250,19,19,100.0,0.4999763948733208,1.7637578911244027,3.5963671505870574
JSP,XT,evaluations,250,19,19,100.0,0.6110067621815236,3.85296235445626,3.985046714545079
JSP,XE,evaluations,250,19,19,100.0,2.8391922781179426,14.705168813507496,11.030994881525368
JSP,XHT,evaluations,250,19,19,100.0,0.4999763948733208,1.7637578911244027,3.5963671505870574
JSP,XHE,evaluations,250,19,19,100.0,0.4999763948733208,1.7637578911244027,3.5963671505870574
JSP,XTE,evaluations,250,19,19,100.0,0.6110067621815236,3.85296235445626,3.985046714545079
JSP,XHTE,evaluations,250,19,19,100.0,0.4999763948733208,1.7637578911244027,3.5963671505870574
JSP,NSGA-II,evaluations,250,19,19,100.0,2.269540517867506,9.636550435182384,16.078293495360388
JSP,SPEA2,evaluations,250,19,19,100.0,2.2322393304620998,9.580149728530802,15.927419491166452
JSP,MOEA/D,evaluations,250,19,19,100.0,2.2315192292937893,9.083492009185402,15.50538934727181
JSP,SMS-EMOA,evaluations,250,19,19,100.0,2.2717257354398317,9.943517612163147,16.110277495886514
FJSP,XG,evaluations,250,32,32,100.0,2.8485599802891794,21.47230641801704,15.226658519370213
FJSP,XH,evaluations,250,32,32,100.0,0.40124488521144086,2.230623392317289,4.318002452953394
FJSP,XT,evaluations,250,32,32,100.0,1.2789471950228493,9.314002569845949,7.902712413806257
FJSP,XE,evaluations,250,32,32,100.0,2.633204727360948,19.607241950273977,14.512615994739528
FJSP,XHT,evaluations,250,32,32,100.0,0.40124488521144086,2.230623392317289,4.318002452953394
FJSP,XHE,evaluations,250,32,32,100.0,0.40124488521144086,2.230623392317289,4.318002452953394
FJSP,XTE,evaluations,250,32,32,100.0,1.2789471950228493,9.314002569845949,7.902712413806257
FJSP,XHTE,evaluations,250,32,32,100.0,0.40124488521144086,2.230623392317289,4.318002452953394
FJSP,NSGA-II,evaluations,250,32,32,100.0,6.731213882488683,59.22548145622947,61.56722363342749
FJSP,SPEA2,evaluations,250,32,32,100.0,6.67834714670184,58.106165365368575,60.74794133232067
FJSP,MOEA/D,evaluations,250,32,32,100.0,5.784170363438044,52.699872159593994,55.54823259293197
FJSP,SMS-EMOA,evaluations,250,32,32,100.0,6.766304752745413,60.477559014634615,61.041485580140986
PFSP,XG,evaluations,250,18,18,100.0,4.588611970263305,14.608537924413682,16.894952032820203
PFSP,XH,evaluations,250,18,18,100.0,3.0570060965086916,9.547951941210924,12.45118897531786
PFSP,XT,evaluations,250,18,18,100.0,3.0192119398096704,9.90087797479469,11.944276915667956
PFSP,XE,evaluations,250,18,18,100.0,1.2641529688677902,4.178940443615065,5.300177181686044
PFSP,XHT,evaluations,250,18,18,100.0,3.0570060965086916,9.547951941210924,12.45118897531786
PFSP,XHE,evaluations,250,18,18,100.0,3.0570060965086916,9.547951941210924,12.45118897531786
PFSP,XTE,evaluations,250,18,18,100.0,3.0192119398096704,9.90087797479469,11.944276915667956
PFSP,XHTE,evaluations,250,18,18,100.0,3.0570060965086916,9.547951941210924,12.45118897531786
PFSP,NSGA-II,evaluations,250,18,18,100.0,2.331251942416635,7.5442974670530365,8.855946895890517
PFSP,SPEA2,evaluations,250,18,18,100.0,2.3373062155566973,7.367849162951377,8.472738461680226
PFSP,MOEA/D,evaluations,250,18,18,100.0,1.7353939977576331,5.355561149648516,7.168704979160798
PFSP,SMS-EMOA,evaluations,250,18,18,100.0,2.3405835015313445,7.423406576211938,8.711996111661607
ALL,XG,evaluations,500,69,69,100.0,3.4982824958228935,18.40542311881201,14.586924746315088
ALL,XH,evaluations,500,69,69,100.0,1.0112207230346375,3.4805184035337273,5.197321940400353
ALL,XT,evaluations,500,69,69,100.0,1.4312047722643422,7.360514094608913,7.303999414211168
ALL,XE,evaluations,500,69,69,100.0,2.002220976668244,12.673820989978745,10.017008855481706
ALL,XHT,evaluations,500,69,69,100.0,1.0112207230346375,3.4805184035337273,5.197321940400353
ALL,XHE,evaluations,500,69,69,100.0,1.0112207230346375,3.4805184035337273,5.197321940400353
ALL,XTE,evaluations,500,69,69,100.0,1.4312047722643422,7.360514094608913,7.303999414211168
ALL,XHTE,evaluations,500,69,69,100.0,0.8434021316331601,2.955633058191159,4.827346210963577
ALL,NSGA-II,evaluations,500,69,69,100.0,3.7368245328449072,28.33480923071532,31.546054889628106
ALL,SPEA2,evaluations,500,69,69,100.0,3.6811095206014213,27.92905517773101,31.35061069077203
ALL,MOEA/D,evaluations,500,69,69,100.0,2.9399114785629092,23.252602654982557,27.170411015881534
ALL,SMS-EMOA,evaluations,500,69,69,100.0,3.744767120724216,28.736243939507823,31.38758751101004
JSP,XG,evaluations,500,19,19,100.0,3.5596082830413915,16.83719511484406,11.32292622553319
JSP,XH,evaluations,500,19,19,100.0,0.37248557687123224,1.5938181698606566,2.156326293542827
JSP,XT,evaluations,500,19,19,100.0,0.5052227017714497,3.302713734218138,3.7556495339282776
JSP,XE,evaluations,500,19,19,100.0,2.5739323860128707,13.659385230714484,10.531684475261795
JSP,XHT,evaluations,500,19,19,100.0,0.37248557687123224,1.5938181698606566,2.156326293542827
JSP,XHE,evaluations,500,19,19,100.0,0.37248557687123224,1.5938181698606566,2.156326293542827
JSP,XTE,evaluations,500,19,19,100.0,0.5052227017714497,3.302713734218138,3.7556495339282776
JSP,XHTE,evaluations,500,19,19,100.0,0.29439542632058463,1.3182625534317203,2.255557001074175
JSP,NSGA-II,evaluations,500,19,19,100.0,2.0493313772335937,8.867565629324949,14.847653112875419
JSP,SPEA2,evaluations,500,19,19,100.0,1.928367181804324,8.242241178745239,14.806133238225609
JSP,MOEA/D,evaluations,500,19,19,100.0,1.8037525982673515,7.415955147446685,13.932345656183545
JSP,SMS-EMOA,evaluations,500,19,19,100.0,2.019259933293341,8.603579531662877,15.06756197319937
FJSP,XG,evaluations,500,32,32,100.0,2.8485599802891794,21.47230641801704,15.226658519370213
FJSP,XH,evaluations,500,32,32,100.0,0.2918293837133143,1.5181285741867305,2.9306120023676616
FJSP,XT,evaluations,500,32,32,100.0,1.1783611726363414,8.560452358380896,7.2794151742971795
FJSP,XE,evaluations,500,32,32,100.0,2.377729967462476,17.752442211970763,13.507979239826254
FJSP,XHT,evaluations,500,32,32,100.0,0.2918293837133143,1.5181285741867305,2.9306120023676616
FJSP,XHE,evaluations,500,32,32,100.0,0.2918293837133143,1.5181285741867305,2.9306120023676616
FJSP,XTE,evaluations,500,32,32,100.0,1.1783611726363414,8.560452358380896,7.2794151742971795
FJSP,XHTE,evaluations,500,32,32,100.0,0.2709855694572185,1.3563646723933218,3.1352535074026346
FJSP,NSGA-II,evaluations,500,32,32,100.0,5.8524696179234255,52.64975477623517,55.32096013737459
FJSP,SPEA2,evaluations,500,32,32,100.0,5.808440740220602,52.17963201819988,55.10278873796506
FJSP,MOEA/D,evaluations,500,32,32,100.0,4.749527234413875,44.105636265837504,48.06815802022107
FJSP,SMS-EMOA,evaluations,500,32,32,100.0,5.913520296760012,53.736877328607434,54.95802654541683
PFSP,XG,evaluations,500,18,18,100.0,4.588611970263305,14.608537924413682,16.894952032820203
PFSP,XH,evaluations,500,18,18,100.0,2.9643590916672506,8.960728346805517,12.436968346363637
PFSP,XT,evaluations,500,18,18,100.0,2.8581300237899523,9.510524228315651,11.093185158801308
PFSP,XE,evaluations,500,18,18,100.0,0.7311762831702817,2.604843230105215,3.2675705735457514
PFSP,XHT,evaluations,500,18,18,100.0,2.9643590916672506,8.960728346805517,12.436968346363637
PFSP,XHE,evaluations,500,18,18,100.0,2.9643590916672506,8.960728346805517,12.436968346363637
PFSP,XTE,evaluations,500,18,18,100.0,2.8581300237899523,9.510524228315651,11.093185158801308
PFSP,XHTE,evaluations,500,18,18,100.0,2.4405386533314415,7.5271123879667226,10.55017740551073
PFSP,NSGA-II,evaluations,500,18,18,100.0,1.7569204902950393,5.65699650681431,6.905647435762193
PFSP,SPEA2,evaluations,500,18,18,100.0,1.7493042655642572,5.597444460271325,6.588131473450083
PFSP,MOEA/D,evaluations,500,18,18,100.0,0.922095619584282,2.89700416030608,3.992374221181347
PFSP,SMS-EMOA,evaluations,500,18,18,100.0,1.7105746167265,5.541819233833744,6.711278406420356
ALL,XG,evaluations,750,69,69,100.0,3.4982824958228935,18.40542311881201,14.586924746315088
ALL,XH,evaluations,750,69,69,100.0,0.9351896859409873,3.1917705447279756,4.685048676708963
ALL,XT,evaluations,750,69,69,100.0,1.3884933455357518,7.088641672690973,7.0751183513421365
ALL,XE,evaluations,750,69,69,100.0,1.8355274262484669,11.85354448341542,9.321564272126803
ALL,XHT,evaluations,750,69,69,100.0,0.7780280575258384,2.6762770079314553,4.200627942658472
ALL,XHE,evaluations,750,69,69,100.0,0.6002914154519833,2.3041265343336472,3.669981723702145
ALL,XTE,evaluations,750,69,69,100.0,1.0407713244663992,5.968908950202797,5.995763616632107
ALL,XHTE,evaluations,750,69,69,100.0,0.6489166339402201,2.334181096677865,4.142763553097144
ALL,NSGA-II,evaluations,750,69,69,100.0,3.200344088146655,25.413407671153696,28.42540690544266
ALL,SPEA2,evaluations,750,69,69,100.0,3.187941756247379,25.288500525957677,28.18745695634799
ALL,MOEA/D,evaluations,750,69,69,100.0,2.506293354163275,20.644746575545483,24.36973315041506
ALL,SMS-EMOA,evaluations,750,69,69,100.0,3.264590315635011,25.6533179420295,28.992984511732036
JSP,XG,evaluations,750,19,19,100.0,3.5596082830413915,16.83719511484406,11.32292622553319
JSP,XH,evaluations,750,19,19,100.0,0.300879282134278,1.5058442247597086,1.8781339160926918
JSP,XT,evaluations,750,19,19,100.0,0.45483423341420304,3.0867954142224705,3.4913088007447137
JSP,XE,evaluations,750,19,19,100.0,2.4505540795461678,13.176504989780955,10.247710517401815
JSP,XHT,evaluations,750,19,19,100.0,0.23330460801901376,1.311888662031119,1.4505826733796197
JSP,XHE,evaluations,750,19,19,100.0,0.3353063196646779,1.5665777558627116,2.125576248022974
JSP,XTE,evaluations,750,19,19,100.0,0.49987124967343427,3.2969903892875987,3.747470713498267
JSP,XHTE,evaluations,750,19,19,100.0,0.23181848596630347,1.1366119545542435,1.9895478228420416
JSP,NSGA-II,evaluations,750,19,19,100.0,1.7171086953085102,7.623896612140001,13.849908339179276
JSP,SPEA2,evaluations,750,19,19,100.0,1.7328005412400451,7.659876910819194,13.80238332225701
JSP,MOEA/D,evaluations,750,19,19,100.0,1.6652351307878028,6.926374887400291,13.306704104270915
JSP,SMS-EMOA,evaluations,750,19,19,100.0,1.754255527302214,7.6176011705008095,13.897197655373594
FJSP,XG,evaluations,750,32,32,100.0,2.8485599802891794,21.47230641801704,15.226658519370213
FJSP,XH,evaluations,750,32,32,100.0,0.21454375004725212,1.0643555825585633,2.152497772870613
FJSP,XT,evaluations,750,32,32,100.0,1.1350848624371708,8.229130620214258,6.973633496046205
FJSP,XE,evaluations,750,32,32,100.0,2.219189106129173,16.617459338602057,12.636132003449985
FJSP,XHT,evaluations,750,32,32,100.0,0.20917775746654538,0.9982579205788517,2.3403612031498815
FJSP,XHE,evaluations,750,32,32,100.0,0.2783718498789403,1.4029746309077877,2.8043475654660086
FJSP,XTE,evaluations,750,32,32,100.0,1.1391698252441547,8.27272469444273,7.183027615560769
FJSP,XHTE,evaluations,750,32,32,100.0,0.2494400387432708,1.209261977033957,2.952079052154411
FJSP,NSGA-II,evaluations,750,32,32,100.0,5.137565017108301,47.79088106059228,50.124070114699684
FJSP,SPEA2,evaluations,750,32,32,100.0,5.119490007262479,47.598910170104034,49.768026015931135
FJSP,MOEA/D,evaluations,750,32,32,100.0,4.114229081698977,39.2862667183447,43.20257759949131
FJSP,SMS-EMOA,evaluations,750,32,32,100.0,5.247710055632515,48.258581129416896,51.286160362041684
PFSP,XG,evaluations,750,18,18,100.0,4.588611970263305,14.608537924413682,16.894952032820203
PFSP,XH,evaluations,750,18,18,100.0,2.8858878871035984,8.753430481884546,12.150215864183206
PFSP,XT,evaluations,750,18,18,100.0,2.8245263782837524,9.285276816588553,11.038445953054405
PFSP,XE,evaluations,750,18,18,100.0,0.5042674168685269,1.9879042063644474,2.4514006019841883
PFSP,XHT,evaluations,750,18,18,100.0,2.3643033432217853,7.099609750564217,10.410594374912533
PFSP,XHE,evaluations,750,18,18,100.0,1.4522993553573265,4.684698073254497,6.8390926737832896
PFSP,XTE,evaluations,750,18,18,100.0,1.436790735365186,4.693594996964515,6.258270127400209
PFSP,XHTE,evaluations,750,18,18,100.0,1.7993675149294865,5.598138070508635,8.532374825597943
PFSP,NSGA-II,evaluations,750,18,18,100.0,1.3220331290995493,4.409049985555116,5.235254131152639
PFSP,SPEA2,evaluations,750,18,18,100.0,1.2900605925060524,4.2335416412325495,5.00624524196287
PFSP,MOEA/D,evaluations,750,18,18,100.0,0.5355246298850251,1.9847697702779092,2.5667625674316548
PFSP,SMS-EMOA,evaluations,750,18,18,100.0,1.3332863877685106,4.503884423287739,5.295113570671017
ALL,XG,evaluations,1000,69,69,100.0,3.4982824958228935,18.40542311881201,14.586924746315088
ALL,XH,evaluations,1000,69,69,100.0,0.8979828188011804,3.0246848008296405,4.490123488257616
ALL,XT,evaluations,1000,69,69,100.0,1.3635818251107203,6.910018954640168,6.975940483401618
ALL,XE,evaluations,1000,69,69,100.0,1.7002117808284944,11.22601113831487,8.840776138696567
ALL,XHT,evaluations,1000,69,69,100.0,0.7282564000394537,2.536903245082141,4.0011225021881645
ALL,XHE,evaluations,1000,69,69,100.0,0.466126681457936,1.8442830263265697,3.053340114643371
ALL,XTE,evaluations,1000,69,69,100.0,0.879394488036067,5.416842348839264,5.345456908004405
ALL,XHTE,evaluations,1000,69,69,100.0,0.45656924399773013,1.7165526504618167,3.3290248070125052
ALL,NSGA-II,evaluations,1000,69,69,100.0,2.8863300748671423,23.490431657272946,26.47291027228761
ALL,SPEA2,evaluations,1000,69,69,100.0,2.8009093690966953,22.930168835049873,25.764589776360097
ALL,MOEA/D,evaluations,1000,69,69,100.0,2.2480481527725584,18.997562535486374,22.665476564237878
ALL,SMS-EMOA,evaluations,1000,69,69,100.0,2.9016787905616668,23.44387419396316,26.438693623592503
JSP,XG,evaluations,1000,19,19,100.0,3.5596082830413915,16.83719511484406,11.32292622553319
JSP,XH,evaluations,1000,19,19,100.0,0.27079073591193636,1.3659430207658403,1.7290189716204727
JSP,XT,evaluations,1000,19,19,100.0,0.43364792246361034,3.012675462903848,3.3346581978098198
JSP,XE,evaluations,1000,19,19,100.0,2.3091148254940927,12.460690647024292,9.965133190990949
JSP,XHT,evaluations,1000,19,19,100.0,0.1915075755169798,1.193194649013015,1.1454042650430585
JSP,XHE,evaluations,1000,19,19,100.0,0.331099436438776,1.5157386467304,2.1159746829678707
JSP,XTE,evaluations,1000,19,19,100.0,0.4899688044581793,3.278871634326739,3.735958754765897
JSP,XHTE,evaluations,1000,19,19,100.0,0.22409647911889713,1.1258598444526358,1.945793876139976
JSP,NSGA-II,evaluations,1000,19,19,100.0,1.6201986253577734,7.02961893637063,13.245139526393674
JSP,SPEA2,evaluations,1000,19,19,100.0,1.567150478372366,7.174097208498949,12.745328399128287
JSP,MOEA/D,evaluations,1000,19,19,100.0,1.5749038707152554,6.618747801175884,12.819531192669347
JSP,SMS-EMOA,evaluations,1000,19,19,100.0,1.6064318603597565,7.160252461987399,13.028715077135924
FJSP,XG,evaluations,1000,32,32,100.0,2.8485599802891794,21.47230641801704,15.226658519370213
FJSP,XH,evaluations,1000,32,32,100.0,0.17075192568367475,0.9070649827268629,1.8288442166696603
FJSP,XT,evaluations,1000,32,32,100.0,1.108394053116383,7.942730329199053,6.908196044285778
FJSP,XE,evaluations,1000,32,32,100.0,2.1023587344226122,15.840973617657092,12.146980491991128
FJSP,XHT,evaluations,1000,32,32,100.0,0.1926157899407012,0.9213478810655339,2.263979029358598
FJSP,XHE,evaluations,1000,32,32,100.0,0.2696926772716941,1.4029746309077877,2.6878731129433966
FJSP,XTE,evaluations,1000,32,32,100.0,1.100102999741623,7.942758766802832,6.974666117686128
FJSP,XHTE,evaluations,1000,32,32,100.0,0.23790304569794515,1.1336347339402162,2.8806445351547554
FJSP,NSGA-II,evaluations,1000,32,32,100.0,4.663225037302516,44.32179404508907,47.01878414122598
FJSP,SPEA2,evaluations,1000,32,32,100.0,4.545427609289533,43.17188223176762,45.75248877457942
FJSP,MOEA/D,evaluations,1000,32,32,100.0,3.757241968561815,36.49513832670224,40.40068386467886
FJSP,SMS-EMOA,evaluations,1000,32,32,100.0,4.687649829061493,44.13997294924844,46.87269568110733
PFSP,XG,evaluations,1000,18,18,100.0,4.588611970263305,14.608537924413682,16.894952032820203
PFSP,XH,evaluations,1000,18,18,100.0,2.85287382739317,8.540236356413034,12.13578584975319
PFSP,XT,evaluations,1000,18,18,100.0,2.798845872561492,9.187950196701598,10.939950787732231
PFSP,XE,evaluations,1000,18,18,100.0,0.34255287173637594,1.7183605825131971,1.776258177639943
PFSP,XHT,evaluations,1000,18,18,100.0,2.247074577210958,6.827360743629075,10.103746815316116
PFSP,XHE,evaluations,1000,18,18,100.0,0.9578714475314795,2.975628129978139,4.692500517767465
PFSP,XTE,evaluations,1000,18,18,100.0,0.8980842443361824,3.1830711377783643,4.147999696988656
PFSP,XHTE,evaluations,1000,18,18,100.0,1.0906970705694494,3.3763602417321312,5.586222384013952
PFSP,NSGA-II,evaluations,1000,18,18,100.0,1.0638777827974788,3.832200839885618,3.9095591815074346
PFSP,SPEA2,evaluations,1000,18,18,100.0,1.0018446600739979,3.576309513355415,3.973100788825991
PFSP,MOEA/D,evaluations,1000,18,18,100.0,0.2755781113188114,0.9572877928747959,1.5291614778873481
PFSP,SMS-EMOA,evaluations,1000,18,18,100.0,1.0938242595528829,3.839077123874863,4.266556209270316
ALL,XG,seconds,0.001,69,0,0.0,,,
ALL,XH,seconds,0.001,69,0,0.0,,,
ALL,XT,seconds,0.001,69,0,0.0,,,
ALL,XE,seconds,0.001,69,0,0.0,,,
ALL,XHT,seconds,0.001,69,0,0.0,,,
ALL,XHE,seconds,0.001,69,0,0.0,,,
ALL,XTE,seconds,0.001,69,0,0.0,,,
ALL,XHTE,seconds,0.001,69,0,0.0,,,
ALL,NSGA-II,seconds,0.001,69,0,0.0,,,
ALL,SPEA2,seconds,0.001,69,0,0.0,,,
ALL,MOEA/D,seconds,0.001,69,0,0.0,,,
ALL,SMS-EMOA,seconds,0.001,69,0,0.0,,,
JSP,XG,seconds,0.001,19,0,0.0,,,
JSP,XH,seconds,0.001,19,0,0.0,,,
JSP,XT,seconds,0.001,19,0,0.0,,,
JSP,XE,seconds,0.001,19,0,0.0,,,
JSP,XHT,seconds,0.001,19,0,0.0,,,
JSP,XHE,seconds,0.001,19,0,0.0,,,
JSP,XTE,seconds,0.001,19,0,0.0,,,
JSP,XHTE,seconds,0.001,19,0,0.0,,,
JSP,NSGA-II,seconds,0.001,19,0,0.0,,,
JSP,SPEA2,seconds,0.001,19,0,0.0,,,
JSP,MOEA/D,seconds,0.001,19,0,0.0,,,
JSP,SMS-EMOA,seconds,0.001,19,0,0.0,,,
FJSP,XG,seconds,0.001,32,0,0.0,,,
FJSP,XH,seconds,0.001,32,0,0.0,,,
FJSP,XT,seconds,0.001,32,0,0.0,,,
FJSP,XE,seconds,0.001,32,0,0.0,,,
FJSP,XHT,seconds,0.001,32,0,0.0,,,
FJSP,XHE,seconds,0.001,32,0,0.0,,,
FJSP,XTE,seconds,0.001,32,0,0.0,,,
FJSP,XHTE,seconds,0.001,32,0,0.0,,,
FJSP,NSGA-II,seconds,0.001,32,0,0.0,,,
FJSP,SPEA2,seconds,0.001,32,0,0.0,,,
FJSP,MOEA/D,seconds,0.001,32,0,0.0,,,
FJSP,SMS-EMOA,seconds,0.001,32,0,0.0,,,
PFSP,XG,seconds,0.001,18,0,0.0,,,
PFSP,XH,seconds,0.001,18,0,0.0,,,
PFSP,XT,seconds,0.001,18,0,0.0,,,
PFSP,XE,seconds,0.001,18,0,0.0,,,
PFSP,XHT,seconds,0.001,18,0,0.0,,,
PFSP,XHE,seconds,0.001,18,0,0.0,,,
PFSP,XTE,seconds,0.001,18,0,0.0,,,
PFSP,XHTE,seconds,0.001,18,0,0.0,,,
PFSP,NSGA-II,seconds,0.001,18,0,0.0,,,
PFSP,SPEA2,seconds,0.001,18,0,0.0,,,
PFSP,MOEA/D,seconds,0.001,18,0,0.0,,,
PFSP,SMS-EMOA,seconds,0.001,18,0,0.0,,,
ALL,XG,seconds,0.003,69,0,0.0,,,
ALL,XH,seconds,0.003,69,0,0.0,,,
ALL,XT,seconds,0.003,69,0,0.0,,,
ALL,XE,seconds,0.003,69,0,0.0,,,
ALL,XHT,seconds,0.003,69,0,0.0,,,
ALL,XHE,seconds,0.003,69,0,0.0,,,
ALL,XTE,seconds,0.003,69,0,0.0,,,
ALL,XHTE,seconds,0.003,69,0,0.0,,,
ALL,NSGA-II,seconds,0.003,69,0,0.0,,,
ALL,SPEA2,seconds,0.003,69,0,0.0,,,
ALL,MOEA/D,seconds,0.003,69,0,0.0,,,
ALL,SMS-EMOA,seconds,0.003,69,0,0.0,,,
JSP,XG,seconds,0.003,19,0,0.0,,,
JSP,XH,seconds,0.003,19,0,0.0,,,
JSP,XT,seconds,0.003,19,0,0.0,,,
JSP,XE,seconds,0.003,19,0,0.0,,,
JSP,XHT,seconds,0.003,19,0,0.0,,,
JSP,XHE,seconds,0.003,19,0,0.0,,,
JSP,XTE,seconds,0.003,19,0,0.0,,,
JSP,XHTE,seconds,0.003,19,0,0.0,,,
JSP,NSGA-II,seconds,0.003,19,0,0.0,,,
JSP,SPEA2,seconds,0.003,19,0,0.0,,,
JSP,MOEA/D,seconds,0.003,19,0,0.0,,,
JSP,SMS-EMOA,seconds,0.003,19,0,0.0,,,
FJSP,XG,seconds,0.003,32,0,0.0,,,
FJSP,XH,seconds,0.003,32,0,0.0,,,
FJSP,XT,seconds,0.003,32,0,0.0,,,
FJSP,XE,seconds,0.003,32,0,0.0,,,
FJSP,XHT,seconds,0.003,32,0,0.0,,,
FJSP,XHE,seconds,0.003,32,0,0.0,,,
FJSP,XTE,seconds,0.003,32,0,0.0,,,
FJSP,XHTE,seconds,0.003,32,0,0.0,,,
FJSP,NSGA-II,seconds,0.003,32,0,0.0,,,
FJSP,SPEA2,seconds,0.003,32,0,0.0,,,
FJSP,MOEA/D,seconds,0.003,32,0,0.0,,,
FJSP,SMS-EMOA,seconds,0.003,32,0,0.0,,,
PFSP,XG,seconds,0.003,18,0,0.0,,,
PFSP,XH,seconds,0.003,18,0,0.0,,,
PFSP,XT,seconds,0.003,18,0,0.0,,,
PFSP,XE,seconds,0.003,18,0,0.0,,,
PFSP,XHT,seconds,0.003,18,0,0.0,,,
PFSP,XHE,seconds,0.003,18,0,0.0,,,
PFSP,XTE,seconds,0.003,18,0,0.0,,,
PFSP,XHTE,seconds,0.003,18,0,0.0,,,
PFSP,NSGA-II,seconds,0.003,18,0,0.0,,,
PFSP,SPEA2,seconds,0.003,18,0,0.0,,,
PFSP,MOEA/D,seconds,0.003,18,0,0.0,,,
PFSP,SMS-EMOA,seconds,0.003,18,0,0.0,,,
ALL,XG,seconds,0.01,69,9,13.043478260869565,5.57514211386445,21.63071198127875,11.045337423585684
ALL,XH,seconds,0.01,69,9,13.043478260869565,3.5932986521648522,15.629255979822748,10.756313801880664
ALL,XT,seconds,0.01,69,9,13.043478260869565,2.8533742479445103,12.721915257130277,8.584280687871447
ALL,XE,seconds,0.01,69,9,13.043478260869565,5.57514211386445,21.63071198127875,11.045337423585684
ALL,XHT,seconds,0.01,69,9,13.043478260869565,3.479145180190154,15.185291496981375,10.756313801880664
ALL,XHE,seconds,0.01,69,9,13.043478260869565,3.5932986521648522,15.629255979822748,10.756313801880664
ALL,XTE,seconds,0.01,69,9,13.043478260869565,2.8533742479445103,12.721915257130277,8.584280687871447
ALL,XHTE,seconds,0.01,69,9,13.043478260869565,3.7061230059397468,15.862822880056315,11.045337423585684
ALL,NSGA-II,seconds,0.01,69,9,13.043478260869565,4.909609675047059,26.246528978643617,27.014960627234714
ALL,SPEA2,seconds,0.01,69,9,13.043478260869565,4.866988810407674,25.63947014395587,26.447642156024365
ALL,MOEA/D,seconds,0.01,69,9,13.043478260869565,4.9750849713164165,26.23209739528447,26.75519210926443
ALL,SMS-EMOA,seconds,0.01,69,9,13.043478260869565,4.874836292073123,25.87913379703785,26.66637679762959
JSP,XG,seconds,0.01,19,7,36.8421052631579,6.698570589932999,23.35089431399818,11.160547953676593
JSP,XH,seconds,0.01,19,7,36.8421052631579,4.1504861391763725,15.63473659784046,10.788946154341566
JSP,XT,seconds,0.01,19,7,36.8421052631579,3.199154762321648,11.896727097235857,7.996332150615431
JSP,XE,seconds,0.01,19,7,36.8421052631579,6.698570589932999,23.35089431399818,11.160547953676593
JSP,XHT,seconds,0.01,19,7,36.8421052631579,4.003717389494618,15.063925119901551,10.788946154341566
JSP,XHE,seconds,0.01,19,7,36.8421052631579,4.1504861391763725,15.63473659784046,10.788946154341566
JSP,XTE,seconds,0.01,19,7,36.8421052631579,3.199154762321648,11.896727097235857,7.996332150615431
JSP,XHTE,seconds,0.01,19,7,36.8421052631579,4.295546022601238,15.935036898140762,11.160547953676593
JSP,NSGA-II,seconds,0.01,19,7,36.8421052631579,3.5991018586077685,9.919471877696564,13.705858275841296
JSP,SPEA2,seconds,0.01,19,7,36.8421052631579,3.592130253749442,9.594894713341187,13.808818378801398
JSP,MOEA/D,seconds,0.01,19,7,36.8421052631579,3.704759627396143,9.900916984806228,13.861959077103386
JSP,SMS-EMOA,seconds,0.01,19,7,36.8421052631579,3.5769761969822524,9.447106644203432,13.690033597064177
FJSP,XG,seconds,0.01,32,2,6.25,1.6431424476245293,15.61007381676075,10.642100568267498
FJSP,XH,seconds,0.01,32,2,6.25,1.6431424476245293,15.61007381676075,10.642100568267498
FJSP,XT,seconds,0.01,32,2,6.25,1.6431424476245293,15.61007381676075,10.642100568267498
FJSP,XE,seconds,0.01,32,2,6.25,1.6431424476245293,15.61007381676075,10.642100568267498
FJSP,XHT,seconds,0.01,32,2,6.25,1.6431424476245293,15.61007381676075,10.642100568267498
FJSP,XHE,seconds,0.01,32,2,6.25,1.6431424476245293,15.61007381676075,10.642100568267498
FJSP,XTE,seconds,0.01,32,2,6.25,1.6431424476245293,15.61007381676075,10.642100568267498
FJSP,XHTE,seconds,0.01,32,2,6.25,1.6431424476245293,15.61007381676075,10.642100568267498
FJSP,NSGA-II,seconds,0.01,32,2,6.25,9.496387032584575,83.3912288319583,73.59681885711169
FJSP,SPEA2,seconds,0.01,32,2,6.25,9.32899375871149,81.79548415110725,70.68352537630476
FJSP,MOEA/D,seconds,0.01,32,2,6.25,9.421223675037371,83.3912288319583,71.88150772182809
FJSP,SMS-EMOA,seconds,0.01,32,2,6.25,9.41734662489117,83.3912288319583,72.08357799960854
PFSP,XG,seconds,0.01,18,0,0.0,,,
PFSP,XH,seconds,0.01,18,0,0.0,,,
PFSP,XT,seconds,0.01,18,0,0.0,,,
PFSP,XE,seconds,0.01,18,0,0.0,,,
PFSP,XHT,seconds,0.01,18,0,0.0,,,
PFSP,XHE,seconds,0.01,18,0,0.0,,,
PFSP,XTE,seconds,0.01,18,0,0.0,,,
PFSP,XHTE,seconds,0.01,18,0,0.0,,,
PFSP,NSGA-II,seconds,0.01,18,0,0.0,,,
PFSP,SPEA2,seconds,0.01,18,0,0.0,,,
PFSP,MOEA/D,seconds,0.01,18,0,0.0,,,
PFSP,SMS-EMOA,seconds,0.01,18,0,0.0,,,
ALL,XG,seconds,0.03,69,43,62.31884057971015,4.41112195883389,21.51703178292106,15.550597473880767
ALL,XH,seconds,0.03,69,43,62.31884057971015,3.3490219196879214,16.546743985706183,14.62078331628132
ALL,XT,seconds,0.03,69,43,62.31884057971015,3.2726114190575495,16.21975947932035,13.385235749322565
ALL,XE,seconds,0.03,69,43,62.31884057971015,4.289051292122418,21.178765398143046,15.478820270320618
ALL,XHT,seconds,0.03,69,43,62.31884057971015,3.3075440441005077,16.414111931626444,14.591324401314347
ALL,XHE,seconds,0.03,69,43,62.31884057971015,3.3174409465741292,16.452119390590266,14.57623721895342
ALL,XTE,seconds,0.03,69,43,62.31884057971015,3.247445972275447,16.21975947932035,13.240817480815785
ALL,XHTE,seconds,0.03,69,43,62.31884057971015,3.312041008276121,16.612504314407428,14.398359888430987
ALL,NSGA-II,seconds,0.03,69,43,62.31884057971015,6.025118254674452,35.93360500516807,38.25835887926685
ALL,SPEA2,seconds,0.03,69,43,62.31884057971015,6.0492590960919435,35.75904897586458,37.78581873089338
ALL,MOEA/D,seconds,0.03,69,43,62.31884057971015,6.069604236412525,36.346266483371735,38.33149692471462
ALL,SMS-EMOA,seconds,0.03,69,43,62.31884057971015,6.04160768085557,36.01106082598209,38.214454711024246
JSP,XG,seconds,0.03,19,13,68.42105263157895,4.549589599551734,19.663726421572253,10.489541589379641
JSP,XH,seconds,0.03,19,13,68.42105263157895,2.1778712927657606,11.501417426578985,8.386881231618567
JSP,XT,seconds,0.03,19,13,68.42105263157895,2.1059784606395544,11.099521974517636,7.523047590397906
JSP,XE,seconds,0.03,19,13,68.42105263157895,4.178647393183982,18.544845302691137,10.489541589379641
JSP,XHT,seconds,0.03,19,13,68.42105263157895,2.1445987075744957,11.37570044692942,8.386881231618567
JSP,XHE,seconds,0.03,19,13,68.42105263157895,2.177334615756474,11.501417426578985,8.336977474578573
JSP,XTE,seconds,0.03,19,13,68.42105263157895,2.0436845337987433,11.099521974517636,7.045356394567786
JSP,XHTE,seconds,0.03,19,13,68.42105263157895,2.177334615756474,11.501417426578985,8.336977474578573
JSP,NSGA-II,seconds,0.03,19,13,68.42105263157895,2.8579005576658423,11.260429380148429,15.046364420700527
JSP,SPEA2,seconds,0.03,19,13,68.42105263157895,2.7679109339174657,10.91976471233149,15.113611216150487
JSP,MOEA/D,seconds,0.03,19,13,68.42105263157895,2.8891388427244378,11.257752665545805,14.96059123700353
JSP,SMS-EMOA,seconds,0.03,19,13,68.42105263157895,2.8195371347202958,11.144176271959596,14.96548530339586
FJSP,XG,seconds,0.03,32,22,68.75,3.738348764825283,24.87070062206639,17.346289869532892
FJSP,XH,seconds,0.03,32,22,68.75,3.065687702937833,19.97922978818788,16.784136577531545
FJSP,XT,seconds,0.03,32,22,68.75,2.972142665315129,19.621931760256853,14.887692027754927
FJSP,XE,seconds,0.03,32,22,68.75,3.738348764825283,24.87070062206639,17.346289869532892
FJSP,XHT,seconds,0.03,32,22,68.75,3.065687702937833,19.97922978818788,16.784136577531545
FJSP,XHE,seconds,0.03,32,22,68.75,3.065687702937833,19.97922978818788,16.784136577531545
FJSP,XTE,seconds,0.03,32,22,68.75,2.959765703374227,19.621931760256853,14.887692027754927
FJSP,XHTE,seconds,0.03,32,22,68.75,3.055133278082635,20.292709412012332,16.436467249692246
FJSP,NSGA-II,seconds,0.03,32,22,68.75,8.935636667597503,60.61690710228902,62.198455822356884
FJSP,SPEA2,seconds,0.03,32,22,68.75,8.934093970706547,60.36386638116054,61.21404556304431
FJSP,MOEA/D,seconds,0.03,32,22,68.75,9.024151556236331,61.616478882744076,62.286193593195236
FJSP,SMS-EMOA,seconds,0.03,32,22,68.75,8.961506576727704,60.865262184749206,62.07562264857199
PFSP,XG,seconds,0.03,18,8,44.44444444444444,6.036238326191065,15.306063687463206,18.836659198151757
PFSP,XH,seconds,0.03,18,8,44.44444444444444,6.0313107844991745,15.306063687463206,18.801652735420177
PFSP,XT,seconds,0.03,18,8,44.44444444444444,5.994679049278448,15.184171652049374,18.779536741886137
PFSP,XE,seconds,0.03,18,8,44.44444444444444,5.982889577964498,15.306063687463206,18.450856729015953
PFSP,XHT,seconds,0.03,18,8,44.44444444444444,5.8624351541526325,14.79745648871516,18.643311067472695
PFSP,XHE,seconds,0.03,18,8,44.44444444444444,5.8624351541526325,14.79745648871516,18.643311067472695
PFSP,XTE,seconds,0.03,18,8,44.44444444444444,5.994679049278448,15.184171652049374,18.779536741886137
PFSP,XHTE,seconds,0.03,18,8,44.44444444444444,5.8624351541526325,14.79745648871516,18.643311067472695
PFSP,NSGA-II,seconds,0.03,18,8,44.44444444444444,3.1679213767750554,8.148434628742374,10.142583280939549
PFSP,SPEA2,seconds,0.03,18,8,44.44444444444444,3.448153954435308,8.459638039541964,10.200532153935537
PFSP,MOEA/D,seconds,0.03,18,8,44.44444444444444,3.1128553716401997,7.622017339064943,10.433802828923467
PFSP,SMS-EMOA,seconds,0.03,18,8,44.44444444444444,3.247750354677023,8.070694489659095,10.375818170164052
ALL,XG,seconds,0.1,69,62,89.85507246376811,3.6941633586978515,19.249835297370627,14.938144467752188
ALL,XH,seconds,0.1,69,62,89.85507246376811,2.0631414798716547,10.618105331150048,11.2422752568615
ALL,XT,seconds,0.1,69,62,89.85507246376811,2.3438001267591293,13.040229041405773,11.350439396888595
ALL,XE,seconds,0.1,69,62,89.85507246376811,3.394516353895371,18.493857138433164,14.580459086852258
ALL,XHT,seconds,0.1,69,62,89.85507246376811,2.0651840738222953,10.618105331150048,11.324706162776783
ALL,XHE,seconds,0.1,69,62,89.85507246376811,2.0496656119395453,10.406804665713432,11.271083664065774
ALL,XTE,seconds,0.1,69,62,89.85507246376811,2.3514770719779534,13.07563987448862,11.40990630894093
ALL,XHTE,seconds,0.1,69,62,89.85507246376811,2.0688703056322235,10.660038263968069,11.282812684594818
ALL,NSGA-II,seconds,0.1,69,62,89.85507246376811,4.167947166332722,29.91628870867338,32.9192733215781
ALL,SPEA2,seconds,0.1,69,62,89.85507246376811,4.229720103205921,30.06236904784961,33.36365719287287
ALL,MOEA/D,seconds,0.1,69,62,89.85507246376811,3.9674242963034976,28.678345233101396,32.3791872042614
ALL,SMS-EMOA,seconds,0.1,69,62,89.85507246376811,4.173078186657252,30.119568172438555,33.193189392056496
JSP,XG,seconds,0.1,19,19,100.0,3.5596082830413915,16.83719511484406,11.32292622553319
JSP,XH,seconds,0.1,19,19,100.0,1.2436359103897041,6.614747338664617,8.571643469735651
JSP,XT,seconds,0.1,19,19,100.0,1.330135753435895,8.69482504131826,7.365240425367366
JSP,XE,seconds,0.1,19,19,100.0,2.9133974236189224,15.019013296662242,11.185215186739255
JSP,XHT,seconds,0.1,19,19,100.0,1.2436359103897041,6.614747338664617,8.579098793724102
JSP,XHE,seconds,0.1,19,19,100.0,1.2436359103897041,6.614747338664617,8.498986855298966
JSP,XTE,seconds,0.1,19,19,100.0,1.3359147009848842,8.796379998285571,7.581609023854281
JSP,XHTE,seconds,0.1,19,19,100.0,1.2436359103897041,6.614747338664617,8.498986855298966
JSP,NSGA-II,seconds,0.1,19,19,100.0,2.08611124141592,9.681439245678638,16.222877546297237
JSP,SPEA2,seconds,0.1,19,19,100.0,2.1595196401290213,9.989085611316568,16.476575482182145
JSP,MOEA/D,seconds,0.1,19,19,100.0,2.208249295029372,9.82013557130763,16.581444981141292
JSP,SMS-EMOA,seconds,0.1,19,19,100.0,2.1175940955525627,9.787380747770175,16.344013167941068
FJSP,XG,seconds,0.1,32,29,90.625,3.1013662107956543,22.877322821256598,15.899358813734183
FJSP,XH,seconds,0.1,32,29,90.625,1.5592518060236533,12.197973920252316,11.012456902042693
FJSP,XT,seconds,0.1,32,29,90.625,2.0868609750660188,15.962953139429922,11.936926391203912
FJSP,XE,seconds,0.1,32,29,90.625,3.1013662107956543,22.877322821256598,15.899358813734183
FJSP,XHT,seconds,0.1,32,29,90.625,1.5636187310215746,12.197973920252316,11.183803971386382
FJSP,XHE,seconds,0.1,32,29,90.625,1.5322414916747331,11.752363392183018,11.121649899317244
FJSP,XTE,seconds,0.1,32,29,90.625,2.108370010378048,16.035016133906712,11.916825860975042
FJSP,XHTE,seconds,0.1,32,29,90.625,1.5732678809250116,12.293759360865343,11.146725736310373
FJSP,NSGA-II,seconds,0.1,32,29,90.625,6.6442726411684365,54.73193064488775,56.51940304975984
FJSP,SPEA2,seconds,0.1,32,29,90.625,6.670170408566801,54.64764118940135,57.13609047392981
FJSP,MOEA/D,seconds,0.1,32,29,90.625,6.266860148186112,52.46566324044441,55.182344683869225
FJSP,SMS-EMOA,seconds,0.1,32,29,90.625,6.657225623775325,55.0580263704327,57.06191613944179
PFSP,XG,seconds,0.1,18,14,77.77777777777777,5.1047107677433115,15.010051388464307,17.85342522265812
PFSP,XH,seconds,0.1,18,14,77.77777777777777,4.219099077139447,12.778649100668432,15.342756417228399
PFSP,XT,seconds,0.1,18,14,77.77777777777777,4.251718590490676,12.883348838474516,15.544057798585676
PFSP,XE,seconds,0.1,18,14,77.77777777777777,4.654703055691393,14.129680580702294,16.456283517035917
PFSP,XHT,seconds,0.1,18,14,77.77777777777777,4.219099077139447,12.778649100668432,15.342756417228399
PFSP,XHE,seconds,0.1,18,14,77.77777777777777,4.215370170305727,12.765939390449827,15.342756417228399
PFSP,XTE,seconds,0.1,18,14,77.77777777777777,4.233319203068351,12.753070311969573,15.555404980916437
PFSP,XHTE,seconds,0.1,18,14,77.77777777777777,4.21543629321201,12.765939390449827,15.342756417228399
PFSP,NSGA-II,seconds,0.1,18,14,77.77777777777777,1.8637645808458265,5.974040397722204,6.692684579654259
PFSP,SPEA2,seconds,0.1,18,14,77.77777777777777,1.9840593848484593,6.378047132787276,7.038942003763752
PFSP,MOEA/D,seconds,0.1,18,14,77.77777777777777,1.591758961990111,4.997899616039557,6.583868299308185
PFSP,SMS-EMOA,seconds,0.1,18,14,77.77777777777777,1.8169297619833182,6.055016267214919,6.617566005200759
ALL,XG,seconds,0.3,69,69,100.0,3.4982824958228935,18.40542311881201,14.586924746315088
ALL,XH,seconds,0.3,69,69,100.0,1.6455115273746257,7.909099265526195,9.250151374560772
ALL,XT,seconds,0.3,69,69,100.0,1.961288961599235,10.872254894743886,10.014630439297068
ALL,XE,seconds,0.3,69,69,100.0,2.9836336278249367,16.77503456902442,13.449689421908952
ALL,XHT,seconds,0.3,69,69,100.0,1.6327371701791205,7.743144186660599,9.199690367175526
ALL,XHE,seconds,0.3,69,69,100.0,1.6497026187807993,7.902886537707298,9.325419635470212
ALL,XTE,seconds,0.3,69,69,100.0,1.9653967666243966,10.9056884780203,10.002029550859707
ALL,XHTE,seconds,0.3,69,69,100.0,1.625006524867636,7.743144186660599,9.222602077605254
ALL,NSGA-II,seconds,0.3,69,69,100.0,3.197491250087155,25.73952146335979,28.50811717389701
ALL,SPEA2,seconds,0.3,69,69,100.0,3.1348041249002767,25.132134719218417,28.435023309222487
ALL,MOEA/D,seconds,0.3,69,69,100.0,2.6561197814272908,21.69904793022322,25.597224973499152
ALL,SMS-EMOA,seconds,0.3,69,69,100.0,3.2350380791188664,25.76466814685522,28.634710921240664
JSP,XG,seconds,0.3,19,19,100.0,3.5596082830413915,16.83719511484406,11.32292622553319
JSP,XH,seconds,0.3,19,19,100.0,0.8883189850794095,4.470559622368715,5.97800383421387
JSP,XT,seconds,0.3,19,19,100.0,0.9671652577728261,6.6124801112592,5.852289138959518
JSP,XE,seconds,0.3,19,19,100.0,2.738197251514864,14.460014669165256,10.995689004018919
JSP,XHT,seconds,0.3,19,19,100.0,0.8513523635855178,3.86788065175155,5.956700361747858
JSP,XHE,seconds,0.3,19,19,100.0,0.8949155616355541,4.279576558184298,6.200486266091864
JSP,XTE,seconds,0.3,19,19,100.0,0.9833406383363151,6.675701227111894,5.857177142576641
JSP,XHTE,seconds,0.3,19,19,100.0,0.82824582218504,3.86788065175155,6.0823508687244106
JSP,NSGA-II,seconds,0.3,19,19,100.0,1.8681936902756868,8.894036305877838,14.755669777523563
JSP,SPEA2,seconds,0.3,19,19,100.0,1.7778461852612226,8.559355950426012,14.433064506735384
JSP,MOEA/D,seconds,0.3,19,19,100.0,1.825666239421565,8.318400655609617,14.699078289308442
JSP,SMS-EMOA,seconds,0.3,19,19,100.0,1.8431113549426743,8.73980251928447,14.65880232585179
FJSP,XG,seconds,0.3,32,32,100.0,2.8485599802891794,21.47230641801704,15.226658519370213
FJSP,XH,seconds,0.3,32,32,100.0,0.9932802724553806,7.547961698667686,8.71914311565941
FJSP,XT,seconds,0.3,32,32,100.0,1.6389040211442318,12.74873199116091,10.199744067838342
FJSP,XE,seconds,0.3,32,32,100.0,2.757102365120622,20.77487531055163,15.008837117878157
FJSP,XHT,seconds,0.3,32,32,100.0,0.9876844962645709,7.547961698667686,8.622985505261665
FJSP,XHE,seconds,0.3,32,32,100.0,0.9984005959697319,7.647961698667687,8.74934135931783
FJSP,XTE,seconds,0.3,32,32,100.0,1.639759618601459,12.78328561756314,10.202170938146391
FJSP,XHTE,seconds,0.3,32,32,100.0,0.9863404419069209,7.547961698667686,8.59778389235844
FJSP,NSGA-II,seconds,0.3,32,32,100.0,5.107101230079586,47.6348491670772,49.964193909197085
FJSP,SPEA2,seconds,0.3,32,32,100.0,5.059462872761952,46.73338143989679,50.058488116939884
FJSP,MOEA/D,seconds,0.3,32,32,100.0,4.315252612797532,40.493166727479014,44.768521753430385
FJSP,SMS-EMOA,seconds,0.3,32,32,100.0,5.18220302865707,47.73912752753784,50.275796819953264
PFSP,XG,seconds,0.3,18,18,100.0,4.588611970263305,14.608537924413682,16.894952032820203
PFSP,XH,seconds,0.3,18,18,100.0,3.6042925529871224,12.180691229940884,13.648099571862703
PFSP,XT,seconds,0.3,18,18,100.0,3.583770543113783,12.032724550347458,14.079122027802217
PFSP,XE,seconds,0.3,18,18,100.0,3.645427603182128,12.107838700605177,13.268205070180954
PFSP,XHT,seconds,0.3,18,18,100.0,3.6042925529871224,12.180691229940884,13.648099571862703
PFSP,XHE,seconds,0.3,18,18,100.0,3.6042925529871224,12.180691229940884,13.648099571862703
PFSP,XTE,seconds,0.3,18,18,100.0,3.5809220540803715,12.032724550347458,14.021344626648833
PFSP,XHTE,seconds,0.3,18,18,100.0,3.601438080740536,12.180691229940884,13.648099571862703
PFSP,NSGA-II,seconds,0.3,18,18,100.0,1.205776487679383,4.595839878537575,4.880453007313289
PFSP,SPEA2,seconds,0.3,18,18,100.0,1.1455330649874116,4.223407027293291,4.773153498127944
PFSP,MOEA/D,seconds,0.3,18,18,100.0,0.5831401533306845,2.4112977471939363,3.018518864711587
PFSP,SMS-EMOA,seconds,0.3,18,18,100.0,1.2426674887924865,4.669654076966363,4.914017285328754
ALL,XG,seconds,1,69,69,100.0,3.4982824958228935,18.40542311881201,14.586924746315088
ALL,XH,seconds,1,69,69,100.0,1.3885510559066607,6.230217035794179,7.814296673907015
ALL,XT,seconds,1,69,69,100.0,1.6917710188581834,9.149860666217876,8.805928686380408
ALL,XE,seconds,1,69,69,100.0,2.442893360791643,14.296793476767176,11.804154207728242
ALL,XHT,seconds,1,69,69,100.0,1.3858364326988555,6.231460214031538,7.818199573255866
ALL,XHE,seconds,1,69,69,100.0,1.3877718577491738,6.230217035794179,7.826609331035471
ALL,XTE,seconds,1,69,69,100.0,1.6912391881581494,9.185405770476438,8.78097744186511
ALL,XHTE,seconds,1,69,69,100.0,1.3662971026425572,6.191206261728069,7.668314723895209
ALL,NSGA-II,seconds,1,69,69,100.0,2.90213620728943,23.62132109703148,26.622988251491382
ALL,SPEA2,seconds,1,69,69,100.0,2.818309338590649,23.061521527829182,25.91581076169032
ALL,MOEA/D,seconds,1,69,69,100.0,2.257038528415474,19.07916986388917,22.760211593231105
ALL,SMS-EMOA,seconds,1,69,69,100.0,2.9158299636880174,23.53600760237251,26.5530466490708
JSP,XG,seconds,1,19,19,100.0,3.5596082830413915,16.83719511484406,11.32292622553319
JSP,XH,seconds,1,19,19,100.0,0.6090051171478947,3.080499365068651,4.4598498401311
JSP,XT,seconds,1,19,19,100.0,0.6892617760624693,4.853986472415027,4.729593619359991
JSP,XE,seconds,1,19,19,100.0,2.4131730254520276,13.353470956896164,10.115737014234046
JSP,XHT,seconds,1,19,19,100.0,0.5930986488678046,3.080499365068651,4.394524079319583
JSP,XHE,seconds,1,19,19,100.0,0.6089778474698604,3.080499365068651,4.467074020657714
JSP,XTE,seconds,1,19,19,100.0,0.6917734439682992,4.838181193451852,4.708015104312412
JSP,XHTE,seconds,1,19,19,100.0,0.5493001138360902,3.0536190898146334,4.172324133483382
JSP,NSGA-II,seconds,1,19,19,100.0,1.6760058728763814,7.504954270230564,13.703974811972733
JSP,SPEA2,seconds,1,19,19,100.0,1.6269612454992255,7.63832159619298,13.291087099145287
JSP,MOEA/D,seconds,1,19,19,100.0,1.5966341157584447,6.802759708522034,13.06486317139282
JSP,SMS-EMOA,seconds,1,19,19,100.0,1.6512575187271887,7.493568760966766,13.417690854868361
FJSP,XG,seconds,1,32,32,100.0,2.8485599802891794,21.47230641801704,15.226658519370213
FJSP,XH,seconds,1,32,32,100.0,0.684168568652544,5.0381189905354145,6.943852262182533
FJSP,XT,seconds,1,32,32,100.0,1.392952221816662,10.754110922447563,8.957890686107092
FJSP,XE,seconds,1,32,32,100.0,2.3420490204305957,17.82936352954595,13.415483503222795
FJSP,XHT,seconds,1,32,32,100.0,0.6861908446804084,5.013512691322816,6.99105505938533
FJSP,XHE,seconds,1,32,32,100.0,0.6825046139967959,5.0381189905354145,6.96611207192809
FJSP,XTE,seconds,1,32,32,100.0,1.3900967926296242,10.8028846125256,8.920908437586382
FJSP,XHTE,seconds,1,32,32,100.0,0.6725498068322338,4.972742421497758,6.806292724608742
FJSP,NSGA-II,seconds,1,32,32,100.0,4.663225037302516,44.32179404508907,47.01878414122598
FJSP,SPEA2,seconds,1,32,32,100.0,4.545427609289533,43.17188223176762,45.75248877457942
FJSP,MOEA/D,seconds,1,32,32,100.0,3.757241968561815,36.49513832670224,40.40068386467886
FJSP,SMS-EMOA,seconds,1,32,32,100.0,4.687649829061493,44.13997294924844,46.87269568110733
PFSP,XG,seconds,1,18,18,100.0,4.588611970263305,14.608537924413682,16.894952032820203
PFSP,XH,seconds,1,18,18,100.0,3.4636406352704543,11.674204435353374,12.902558397069559
PFSP,XT,seconds,1,18,18,100.0,3.2812086365496973,10.832394081934776,12.838572146498965
PFSP,XE,seconds,1,18,18,100.0,2.653543653180877,9.012398265024311,10.721786942204025
PFSP,XHT,seconds,1,18,18,100.0,3.4664295832199814,11.722714483863422,12.902558397069559
PFSP,XHE,seconds,1,18,18,100.0,3.4636406352704543,11.674204435353374,12.902558397069559
PFSP,XTE,seconds,1,18,18,100.0,3.2815950657425916,10.898624882581652,12.831449250221805
PFSP,XHTE,seconds,1,18,18,100.0,3.4620113389344027,11.669261770268358,12.891010568061413
PFSP,NSGA-II,seconds,1,18,18,100.0,1.0655603069243853,3.832200839885618,4.000531967010673
PFSP,SPEA2,seconds,1,18,18,100.0,1.0054109556113584,3.5898135375546265,3.9767026047961154
PFSP,MOEA/D,seconds,1,18,18,100.0,0.2871037370710662,1.0758810939979115,1.6333508892643869
PFSP,SMS-EMOA,seconds,1,18,18,100.0,1.1007544504827143,3.840421318299144,4.294323930441778
ALL,XG,seconds,3,69,69,100.0,3.4982824958228935,18.40542311881201,14.586924746315088
ALL,XH,seconds,3,69,69,100.0,1.1683032723782318,4.838254404836024,6.6578330056850366
ALL,XT,seconds,3,69,69,100.0,1.5343107582710114,8.231782987377972,7.981389580962936
ALL,XE,seconds,3,69,69,100.0,2.1155459455465313,12.776066706173422,10.514087387717126
ALL,XHT,seconds,3,69,69,100.0,1.151308480002713,4.862942478435034,6.516441447971252
ALL,XHE,seconds,3,69,69,100.0,1.1851182904377047,4.973335875422416,6.692460753098192
ALL,XTE,seconds,3,69,69,100.0,1.5304005636590854,8.16600032431882,7.951594670655255
ALL,XHTE,seconds,3,69,69,100.0,1.1249431592770804,4.7287815693403825,6.454885232458133
ALL,NSGA-II,seconds,3,69,69,100.0,2.8863300748671423,23.490431657272946,26.47291027228761
ALL,SPEA2,seconds,3,69,69,100.0,2.8009093690966953,22.930168835049873,25.764589776360097
ALL,MOEA/D,seconds,3,69,69,100.0,2.2480481527725584,18.997562535486374,22.66837984013219
ALL,SMS-EMOA,seconds,3,69,69,100.0,2.9020876609889426,23.44387419396316,26.438693623592503
JSP,XG,seconds,3,19,19,100.0,3.5596082830413915,16.83719511484406,11.32292622553319
JSP,XH,seconds,3,19,19,100.0,0.4669776760834313,2.1410067409660214,3.8857454445541
JSP,XT,seconds,3,19,19,100.0,0.5612408588199312,4.013649510682017,4.099834429696087
JSP,XE,seconds,3,19,19,100.0,2.342376857502634,12.80774076119585,10.023459571507159
JSP,XHT,seconds,3,19,19,100.0,0.4192916671738892,2.1498838409644185,3.55825071018559
JSP,XHE,seconds,3,19,19,100.0,0.49155137562174833,2.2680756801377937,3.9658986007537425
JSP,XTE,seconds,3,19,19,100.0,0.5763650314399872,4.052816946538177,4.113241743302494
JSP,XHTE,seconds,3,19,19,100.0,0.386781774251236,2.148665338029006,3.4656708984064974
JSP,NSGA-II,seconds,3,19,19,100.0,1.6201986253577734,7.02961893637063,13.245139526393674
JSP,SPEA2,seconds,3,19,19,100.0,1.567150478372366,7.174097208498949,12.745328399128287
JSP,MOEA/D,seconds,3,19,19,100.0,1.5749038707152554,6.618747801175884,12.830074668285532
JSP,SMS-EMOA,seconds,3,19,19,100.0,1.607916705595652,7.160252461987399,13.028715077135924
FJSP,XG,seconds,3,32,32,100.0,2.8485599802891794,21.47230641801704,15.226658519370213
FJSP,XH,seconds,3,32,32,100.0,0.4278070269946293,3.247331706178659,4.929012486159557
FJSP,XT,seconds,3,32,32,100.0,1.2472667084899112,9.600880655387204,7.931243556125091
FJSP,XE,seconds,3,32,32,100.0,2.132650852207183,16.105415123113698,12.38234231150949
FJSP,XHT,seconds,3,32,32,100.0,0.4194755737249572,3.2952945867524743,4.818586938370512
FJSP,XHE,seconds,3,32,32,100.0,0.446873650928967,3.452976867468982,4.956087630025636
FJSP,XTE,seconds,3,32,32,100.0,1.2304673026215625,9.443377136738366,7.85821940000723
FJSP,XHTE,seconds,3,32,32,100.0,0.3970275293149403,3.0461409266325123,4.822976891653382
FJSP,NSGA-II,seconds,3,32,32,100.0,4.663225037302516,44.32179404508907,47.01878414122598
FJSP,SPEA2,seconds,3,32,32,100.0,4.545427609289533,43.17188223176762,45.75248877457942
FJSP,MOEA/D,seconds,3,32,32,100.0,3.757241968561815,36.49513832670224,40.40068386467886
FJSP,SMS-EMOA,seconds,3,32,32,100.0,4.687649829061493,44.13997294924844,46.87269568110733
PFSP,XG,seconds,3,18,18,100.0,4.588611970263305,14.608537924413682,16.894952032820203
PFSP,XH,seconds,3,18,18,100.0,3.2250291713713706,10.513656180978566,12.657384132701878
PFSP,XT,seconds,3,18,18,100.0,3.071740629524663,10.250305802985068,12.167735173678556
PFSP,XE,seconds,3,18,18,100.0,1.8457045933072642,6.823791351311485,7.710630218085664
PFSP,XHT,seconds,3,18,18,100.0,3.2250291713713706,10.513656180978566,12.657384132701878
PFSP,XHE,seconds,3,18,18,100.0,3.229651615203414,10.531748762362287,12.657384132701878
PFSP,XTE,seconds,3,18,18,100.0,3.0706527561792853,10.236801778785857,12.169189908457437
PFSP,XHTE,seconds,3,18,18,100.0,3.1981857411814985,10.443598733871939,12.511337413165528
PFSP,NSGA-II,seconds,3,18,18,100.0,1.0638777827974788,3.832200839885618,3.9095591815074346
PFSP,SPEA2,seconds,3,18,18,100.0,1.0018446600739979,3.576309513355415,3.973100788825991
PFSP,MOEA/D,seconds,3,18,18,100.0,0.2755781113188114,0.9572877928747959,1.5291614778873481
PFSP,SMS-EMOA,seconds,3,18,18,100.0,1.0938242595528829,3.839077123874863,4.266556209270316
ALL,XG,seconds,10,69,69,100.0,3.4982824958228935,18.40542311881201,14.586924746315088
ALL,XH,seconds,10,69,69,100.0,1.011886124571122,3.7684614925947844,5.370248267776042
ALL,XT,seconds,10,69,69,100.0,1.4171745133778066,7.352510637859153,7.387252620228743
ALL,XE,seconds,10,69,69,100.0,1.8825208898285015,11.909675449115689,9.612501767990954
ALL,XHT,seconds,10,69,69,100.0,0.8861800632704997,3.4797952747805865,5.044525414710278
ALL,XHE,seconds,10,69,69,100.0,0.8345758988310442,3.4633251675849697,4.97874972334487
ALL,XTE,seconds,10,69,69,100.0,1.254501884249757,7.074437109461087,6.821902532774036
ALL,XHTE,seconds,10,69,69,100.0,0.7421739715770839,3.2044589671271346,4.718572538365735
ALL,NSGA-II,seconds,10,69,69,100.0,2.8863300748671423,23.490431657272946,26.47291027228761
ALL,SPEA2,seconds,10,69,69,100.0,2.8009093690966953,22.930168835049873,25.764589776360097
ALL,MOEA/D,seconds,10,69,69,100.0,2.2480481527725584,18.997562535486374,22.665476564237878
ALL,SMS-EMOA,seconds,10,69,69,100.0,2.9016787905616668,23.44387419396316,26.438693623592503
JSP,XG,seconds,10,19,19,100.0,3.5596082830413915,16.83719511484406,11.32292622553319
JSP,XH,seconds,10,19,19,100.0,0.3563137095430377,1.5671331337307768,2.9790291173548518
JSP,XT,seconds,10,19,19,100.0,0.47144573918256677,3.286998371255628,3.7316984452419946
JSP,XE,seconds,10,19,19,100.0,2.3094023735412286,12.473500836615097,9.973267656312693
JSP,XHT,seconds,10,19,19,100.0,0.26238233207708533,1.4261158701473633,2.3226308860087395
JSP,XHE,seconds,10,19,19,100.0,0.38678378145528575,1.641846833976769,3.1411028662381155
JSP,XTE,seconds,10,19,19,100.0,0.5032402130850001,3.4133432120273066,3.8257139311924413
JSP,XHTE,seconds,10,19,19,100.0,0.2568429394112182,1.310043677770517,2.5234054957125482
JSP,NSGA-II,seconds,10,19,19,100.0,1.6201986253577734,7.02961893637063,13.245139526393674
JSP,SPEA2,seconds,10,19,19,100.0,1.567150478372366,7.174097208498949,12.745328399128287
JSP,MOEA/D,seconds,10,19,19,100.0,1.5749038707152554,6.618747801175884,12.819531192669347
JSP,SMS-EMOA,seconds,10,19,19,100.0,1.6064318603597565,7.160252461987399,13.028715077135924
FJSP,XG,seconds,10,32,32,100.0,2.8485599802891794,21.47230641801704,15.226658519370213
FJSP,XH,seconds,10,32,32,100.0,0.24064806616226792,1.647765494833068,2.912703015190842
FJSP,XT,seconds,10,32,32,100.0,1.1344550394503634,8.420874993233117,7.181787902504264
FJSP,XE,seconds,10,32,32,100.0,2.1024654963144562,15.840973617657092,12.152662310172946
FJSP,XHT,seconds,10,32,32,100.0,0.2500594353769179,1.5772333455710774,3.250625965648325
FJSP,XHE,seconds,10,32,32,100.0,0.30963690192968507,1.846898641479469,3.4749776432668855
FJSP,XTE,seconds,10,32,32,100.0,1.1245967084496062,8.321145404713038,7.179548926852316
FJSP,XHTE,seconds,10,32,32,100.0,0.2787390354736331,1.7531896426171096,3.548476561257699
FJSP,NSGA-II,seconds,10,32,32,100.0,4.663225037302516,44.32179404508907,47.01878414122598
FJSP,SPEA2,seconds,10,32,32,100.0,4.545427609289533,43.17188223176762,45.75248877457942
FJSP,MOEA/D,seconds,10,32,32,100.0,3.757241968561815,36.49513832670224,40.40068386467886
FJSP,SMS-EMOA,seconds,10,32,32,100.0,4.687649829061493,44.13997294924844,46.87269568110733
PFSP,XG,seconds,10,18,18,100.0,4.588611970263305,14.608537924413682,16.894952032820203
PFSP,XH,seconds,10,18,18,100.0,3.0749691109387296,9.862212089638732,12.26328226448321
PFSP,XT,seconds,10,18,18,100.0,2.9180561731215704,9.744570287498048,11.611163747558274
PFSP,XE,seconds,10,18,18,100.0,1.0409111343789252,4.325551907126041,4.715852366438913
PFSP,XHT,seconds,10,18,18,100.0,2.6755143402299155,9.029900298265893,11.106790882227594
PFSP,XHE,seconds,10,18,18,100.0,2.2404702394412057,8.259643899470072,9.591860659318415
PFSP,XTE,seconds,10,18,18,100.0,2.2784428496794913,8.72255480963772,9.348730244970998
PFSP,XHTE,seconds,10,18,18,100.0,2.0783521697138547,7.784153905021386,9.115863931580607
PFSP,NSGA-II,seconds,10,18,18,100.0,1.0638777827974788,3.832200839885618,3.9095591815074346
PFSP,SPEA2,seconds,10,18,18,100.0,1.0018446600739979,3.576309513355415,3.973100788825991
PFSP,MOEA/D,seconds,10,18,18,100.0,0.2755781113188114,0.9572877928747959,1.5291614778873481
PFSP,SMS-EMOA,seconds,10,18,18,100.0,1.0938242595528829,3.839077123874863,4.266556209270316
ALL,XG,seconds,30,69,69,100.0,3.4982824958228935,18.40542311881201,14.586924746315088
ALL,XH,seconds,30,69,69,100.0,0.9310432150954824,3.338841494934499,4.687542182455357
ALL,XT,seconds,30,69,69,100.0,1.380844279469548,7.0302636907724985,7.11600726763535
ALL,XE,seconds,30,69,69,100.0,1.774908587945489,11.500093484046905,9.160505655765567
ALL,XHT,seconds,30,69,69,100.0,0.7694930314759957,2.8766643791607094,4.295749275104626
ALL,XHE,seconds,30,69,69,100.0,0.6223742734957852,2.6037289152323466,3.8717795383047005
ALL,XTE,seconds,30,69,69,100.0,1.076973941740944,6.279008969673125,6.157110846799355
ALL,XHTE,seconds,30,69,69,100.0,0.6191288866475567,2.540068935191822,4.076482312261187
ALL,NSGA-II,seconds,30,69,69,100.0,2.8863300748671423,23.490431657272946,26.47291027228761
ALL,SPEA2,seconds,30,69,69,100.0,2.8009093690966953,22.930168835049873,25.764589776360097
ALL,MOEA/D,seconds,30,69,69,100.0,2.2480481527725584,18.997562535486374,22.665476564237878
ALL,SMS-EMOA,seconds,30,69,69,100.0,2.9016787905616668,23.44387419396316,26.438693623592503
JSP,XG,seconds,30,19,19,100.0,3.5596082830413915,16.83719511484406,11.32292622553319
JSP,XH,seconds,30,19,19,100.0,0.28418989120703586,1.4421005768227293,1.8774414779348785
JSP,XT,seconds,30,19,19,100.0,0.4385706163614287,3.012675462903848,3.4203259661199588
JSP,XE,seconds,30,19,19,100.0,2.3091148254940927,12.460690647024292,9.965133190990949
JSP,XHT,seconds,30,19,19,100.0,0.20105491668439032,1.3319596442597685,1.2581325654276703
JSP,XHE,seconds,30,19,19,100.0,0.33423594555464536,1.570491226446766,2.2455208265347353
JSP,XTE,seconds,30,19,19,100.0,0.49009443822032084,3.2804310885177714,3.736442916230518
JSP,XHTE,seconds,30,19,19,100.0,0.22781661066505593,1.1875984390808807,2.00110247862735
JSP,NSGA-II,seconds,30,19,19,100.0,1.6201986253577734,7.02961893637063,13.245139526393674
JSP,SPEA2,seconds,30,19,19,100.0,1.567150478372366,7.174097208498949,12.745328399128287
JSP,MOEA/D,seconds,30,19,19,100.0,1.5749038707152554,6.618747801175884,12.819531192669347
JSP,SMS-EMOA,seconds,30,19,19,100.0,1.6064318603597565,7.160252461987399,13.028715077135924
FJSP,XG,seconds,30,32,32,100.0,2.8485599802891794,21.47230641801704,15.226658519370213
FJSP,XH,seconds,30,32,32,100.0,0.18848033644074808,1.2482610099081173,2.137142638656381
FJSP,XT,seconds,30,32,32,100.0,1.1142246379233178,8.070969704532212,6.985486708869894
FJSP,XE,seconds,30,32,32,100.0,2.1023587344226122,15.840973617657092,12.146980491991128
FJSP,XHT,seconds,30,32,32,100.0,0.21067262493742536,1.1846774081454985,2.6640994801673408
FJSP,XHE,seconds,30,32,32,100.0,0.2834794421454311,1.5791527635654417,3.05593412029923
FJSP,XTE,seconds,30,32,32,100.0,1.1035271917809866,8.007330705295168,7.006059904393446
FJSP,XHTE,seconds,30,32,32,100.0,0.24989294607120316,1.3596136634106193,3.099503149852751
FJSP,NSGA-II,seconds,30,32,32,100.0,4.663225037302516,44.32179404508907,47.01878414122598
FJSP,SPEA2,seconds,30,32,32,100.0,4.545427609289533,43.17188223176762,45.75248877457942
FJSP,MOEA/D,seconds,30,32,32,100.0,3.757241968561815,36.49513832670224,40.40068386467886
FJSP,SMS-EMOA,seconds,30,32,32,100.0,4.687649829061493,44.13997294924844,46.87269568110733
PFSP,XG,seconds,30,18,18,100.0,4.588611970263305,14.608537924413682,16.894952032820203
PFSP,XH,seconds,30,18,18,100.0,2.9339446190305924,9.057544437432714,12.187803226202933
PFSP,XT,seconds,30,18,18,100.0,2.8494569532769716,9.42090724017214,11.249040745929074
PFSP,XE,seconds,30,18,18,100.0,0.628890632351521,2.7690095744860006,3.0018879930711138
PFSP,XHT,seconds,30,18,18,100.0,2.3629695420468155,7.515162881138744,10.402833215207696
PFSP,XHE,seconds,30,18,18,100.0,1.5289999865009514,5.515837411913845,7.038777810516056
PFSP,XTE,seconds,30,18,18,100.0,1.6492520842748597,6.3716025364534765,7.203017560010301
PFSP,XHTE,seconds,30,18,18,100.0,1.6886001834314917,6.066263830919954,8.004012869823013
PFSP,NSGA-II,seconds,30,18,18,100.0,1.0638777827974788,3.832200839885618,3.9095591815074346
PFSP,SPEA2,seconds,30,18,18,100.0,1.0018446600739979,3.576309513355415,3.973100788825991
PFSP,MOEA/D,seconds,30,18,18,100.0,0.2755781113188114,0.9572877928747959,1.5291614778873481
PFSP,SMS-EMOA,seconds,30,18,18,100.0,1.0938242595528829,3.839077123874863,4.266556209270316
ALL,XG,seconds,60,69,69,100.0,3.4982824958228935,18.40542311881201,14.586924746315088
ALL,XH,seconds,60,69,69,100.0,0.9097626900349814,3.13507271955409,4.507379724370889
ALL,XT,seconds,60,69,69,100.0,1.369860095909203,6.968441929254875,7.029751457431914
ALL,XE,seconds,60,69,69,100.0,1.7317336316611367,11.349024527692478,9.029817109084153
ALL,XHT,seconds,60,69,69,100.0,0.7418894041380075,2.6280948958279784,4.051207519417477
ALL,XHE,seconds,60,69,69,100.0,0.550997484026341,2.2052424679837612,3.4298734203191956
ALL,XTE,seconds,60,69,69,100.0,0.9818689712148302,5.915608915685496,5.749559839953086
ALL,XHTE,seconds,60,69,69,100.0,0.5400099931914295,2.1307194687978592,3.667186539553585
ALL,NSGA-II,seconds,60,69,69,100.0,2.8863300748671423,23.490431657272946,26.47291027228761
ALL,SPEA2,seconds,60,69,69,100.0,2.8009093690966953,22.930168835049873,25.764589776360097
ALL,MOEA/D,seconds,60,69,69,100.0,2.2480481527725584,18.997562535486374,22.665476564237878
ALL,SMS-EMOA,seconds,60,69,69,100.0,2.9016787905616668,23.44387419396316,26.438693623592503
JSP,XG,seconds,60,19,19,100.0,3.5596082830413915,16.83719511484406,11.32292622553319
JSP,XH,seconds,60,19,19,100.0,0.2744145005405605,1.3721808375299729,1.7290189716204727
JSP,XT,seconds,60,19,19,100.0,0.43364792246361034,3.012675462903848,3.3346581978098198
JSP,XE,seconds,60,19,19,100.0,2.3091148254940927,12.460690647024292,9.965133190990949
JSP,XHT,seconds,60,19,19,100.0,0.19464724519061152,1.2087891909233457,1.1454042650430585
JSP,XHE,seconds,60,19,19,100.0,0.331099436438776,1.5157386467304,2.1159746829678707
JSP,XTE,seconds,60,19,19,100.0,0.4899688044581793,3.278871634326739,3.735958754765897
JSP,XHTE,seconds,60,19,19,100.0,0.22409725712395576,1.1258598444526358,1.945793876139976
JSP,NSGA-II,seconds,60,19,19,100.0,1.6201986253577734,7.02961893637063,13.245139526393674
JSP,SPEA2,seconds,60,19,19,100.0,1.567150478372366,7.174097208498949,12.745328399128287
JSP,MOEA/D,seconds,60,19,19,100.0,1.5749038707152554,6.618747801175884,12.819531192669347
JSP,SMS-EMOA,seconds,60,19,19,100.0,1.6064318603597565,7.160252461987399,13.028715077135924
FJSP,XG,seconds,60,32,32,100.0,2.8485599802891794,21.47230641801704,15.226658519370213
FJSP,XH,seconds,60,32,32,100.0,0.17407608139700415,0.9973816820313397,1.8571517082567408
FJSP,XT,seconds,60,32,32,100.0,1.1103492168291744,7.995364007661574,6.942178129121749
FJSP,XE,seconds,60,32,32,100.0,2.1023587344226122,15.840973617657092,12.146980491991128
FJSP,XHT,seconds,60,32,32,100.0,0.19495467972292685,0.947498508680597,2.286551734824642
FJSP,XHE,seconds,60,32,32,100.0,0.26975097693300243,1.4029746309077877,2.689184301754586
FJSP,XTE,seconds,60,32,32,100.0,1.1014379980162758,7.955834080610364,6.992585698105709
FJSP,XHTE,seconds,60,32,32,100.0,0.23877681059951972,1.1467100477477474,2.9335291505393712
FJSP,NSGA-II,seconds,60,32,32,100.0,4.663225037302516,44.32179404508907,47.01878414122598
FJSP,SPEA2,seconds,60,32,32,100.0,4.545427609289533,43.17188223176762,45.75248877457942
FJSP,MOEA/D,seconds,60,32,32,100.0,3.757241968561815,36.49513832670224,40.40068386467886
FJSP,SMS-EMOA,seconds,60,32,32,100.0,4.687649829061493,44.13997294924844,46.87269568110733
PFSP,XG,seconds,60,18,18,100.0,4.588611970263305,14.608537924413682,16.894952032820203
PFSP,XH,seconds,60,18,18,100.0,2.8882953054132745,8.796242661731103,12.151610325365924
PFSP,XT,seconds,60,18,18,100.0,2.819436730688491,9.31833394879127,11.08581359291775
PFSP,XE,seconds,60,18,18,100.0,0.46338663326150453,2.189911908460693,2.500915230792354
PFSP,XHT,seconds,60,18,18,100.0,2.291862304209291,7.11397782815599,10.255610127199956
PFSP,XHE,seconds,60,18,18,100.0,1.2831058802013726,4.3593059896640405,6.133547187193789
PFSP,XTE,seconds,60,18,18,100.0,1.2885297662553918,5.071764641697753,5.665203904268235
PFSP,XHTE,seconds,60,18,18,100.0,1.4089990947593802,4.940754709695794,6.78849193140433
PFSP,NSGA-II,seconds,60,18,18,100.0,1.0638777827974788,3.832200839885618,3.9095591815074346
PFSP,SPEA2,seconds,60,18,18,100.0,1.0018446600739979,3.576309513355415,3.973100788825991
PFSP,MOEA/D,seconds,60,18,18,100.0,0.2755781113188114,0.9572877928747959,1.5291614778873481
PFSP,SMS-EMOA,seconds,60,18,18,100.0,1.0938242595528829,3.839077123874863,4.266556209270316
ALL,XG,seconds,120,69,69,100.0,3.4982824958228935,18.40542311881201,14.586924746315088
ALL,XH,seconds,120,69,69,100.0,0.9002934577521337,3.042778695874268,4.492471908205289
ALL,XT,seconds,120,69,69,100.0,1.365214110157284,6.930524683391201,6.98862513964423
ALL,XE,seconds,120,69,69,100.0,1.7081312008347755,11.242346973385539,8.897073335468814
ALL,XHT,seconds,120,69,69,100.0,0.7303478079648184,2.557942809983939,4.010009011758601
ALL,XHE,seconds,120,69,69,100.0,0.5001152308561624,1.9969406007677968,3.2038860402238853
ALL,XTE,seconds,120,69,69,100.0,0.9073122398508161,5.578786928262322,5.462424937438098
ALL,XHTE,seconds,120,69,69,100.0,0.49931782033682093,1.9256540506800968,3.4988091259286236
ALL,NSGA-II,seconds,120,69,69,100.0,2.8863300748671423,23.490431657272946,26.47291027228761
ALL,SPEA2,seconds,120,69,69,100.0,2.8009093690966953,22.930168835049873,25.764589776360097
ALL,MOEA/D,seconds,120,69,69,100.0,2.2480481527725584,18.997562535486374,22.665476564237878
ALL,SMS-EMOA,seconds,120,69,69,100.0,2.9016787905616668,23.44387419396316,26.438693623592503
JSP,XG,seconds,120,19,19,100.0,3.5596082830413915,16.83719511484406,11.32292622553319
JSP,XH,seconds,120,19,19,100.0,0.27079073591193636,1.3659430207658403,1.7290189716204727
JSP,XT,seconds,120,19,19,100.0,0.43364792246361034,3.012675462903848,3.3346581978098198
JSP,XE,seconds,120,19,19,100.0,2.3091148254940927,12.460690647024292,9.965133190990949
JSP,XHT,seconds,120,19,19,100.0,0.1915075755169798,1.193194649013015,1.1454042650430585
JSP,XHE,seconds,120,19,19,100.0,0.331099436438776,1.5157386467304,2.1159746829678707
JSP,XTE,seconds,120,19,19,100.0,0.4899688044581793,3.278871634326739,3.735958754765897
JSP,XHTE,seconds,120,19,19,100.0,0.22409647911889713,1.1258598444526358,1.945793876139976
JSP,NSGA-II,seconds,120,19,19,100.0,1.6201986253577734,7.02961893637063,13.245139526393674
JSP,SPEA2,seconds,120,19,19,100.0,1.567150478372366,7.174097208498949,12.745328399128287
JSP,MOEA/D,seconds,120,19,19,100.0,1.5749038707152554,6.618747801175884,12.819531192669347
JSP,SMS-EMOA,seconds,120,19,19,100.0,1.6064318603597565,7.160252461987399,13.028715077135924
FJSP,XG,seconds,120,32,32,100.0,2.8485599802891794,21.47230641801704,15.226658519370213
FJSP,XH,seconds,120,32,32,100.0,0.17075192568367475,0.9070649827268629,1.8288442166696603
FJSP,XT,seconds,120,32,32,100.0,1.1084244956964122,7.955805643006585,6.908196044285778
FJSP,XE,seconds,120,32,32,100.0,2.1023587344226122,15.840973617657092,12.146980491991128
FJSP,XHT,seconds,120,32,32,100.0,0.1926157899407012,0.9213478810655339,2.263979029358598
FJSP,XHE,seconds,120,32,32,100.0,0.2696926772716941,1.4029746309077877,2.6878731129433966
FJSP,XTE,seconds,120,32,32,100.0,1.100102999741623,7.942758766802832,6.974666117686128
FJSP,XHTE,seconds,120,32,32,100.0,0.23790304569794515,1.1336347339402162,2.8806445351547554
FJSP,NSGA-II,seconds,120,32,32,100.0,4.663225037302516,44.32179404508907,47.01878414122598
FJSP,SPEA2,seconds,120,32,32,100.0,4.545427609289533,43.17188223176762,45.75248877457942
FJSP,MOEA/D,seconds,120,32,32,100.0,3.757241968561815,36.49513832670224,40.40068386467886
FJSP,SMS-EMOA,seconds,120,32,32,100.0,4.687649829061493,44.13997294924844,46.87269568110733
PFSP,XG,seconds,120,18,18,100.0,4.588611970263305,14.608537924413682,16.894952032820203
PFSP,XH,seconds,120,18,18,100.0,2.8617312767051577,8.60959628741744,12.144788126219266
PFSP,XT,seconds,120,18,18,100.0,2.8050488450977116,9.243310487922724,10.988575303328911
PFSP,XE,seconds,120,18,18,100.0,0.3729106484271198,1.780981283617427,1.9920640986002287
PFSP,XHT,seconds,120,18,18,100.0,2.255091640924856,6.908012409085968,10.137811768669456
PFSP,XHE,seconds,120,18,18,100.0,1.088160886891347,3.560815498669509,5.2695932324927695
PFSP,XTE,seconds,120,18,18,100.0,1.0051022929593874,3.8038586922334217,4.596377143151145
PFSP,XHTE,seconds,120,18,18,100.0,1.2545666132026307,4.177915609235537,6.237062273192406
PFSP,NSGA-II,seconds,120,18,18,100.0,1.0638777827974788,3.832200839885618,3.9095591815074346
PFSP,SPEA2,seconds,120,18,18,100.0,1.0018446600739979,3.576309513355415,3.973100788825991
PFSP,MOEA/D,seconds,120,18,18,100.0,0.2755781113188114,0.9572877928747959,1.5291614778873481
PFSP,SMS-EMOA,seconds,120,18,18,100.0,1.0938242595528829,3.839077123874863,4.266556209270316
ALL,XG,seconds,240,69,69,100.0,3.4982824958228935,18.40542311881201,14.586924746315088
ALL,XH,seconds,240,69,69,100.0,0.8979828188011804,3.0246848008296405,4.490123488257616
ALL,XT,seconds,240,69,69,100.0,1.3635818251107203,6.910018954640168,6.975940483401618
ALL,XE,seconds,240,69,69,100.0,1.7002117808284944,11.22601113831487,8.840776138696567
ALL,XHT,seconds,240,69,69,100.0,0.7282564000394537,2.536903245082141,4.0011225021881645
ALL,XHE,seconds,240,69,69,100.0,0.466126681457936,1.8442830263265697,3.053340114643371
ALL,XTE,seconds,240,69,69,100.0,0.879394488036067,5.416842348839264,5.345456908004405
ALL,XHTE,seconds,240,69,69,100.0,0.45656924399773013,1.7165526504618167,3.3290248070125052
ALL,NSGA-II,seconds,240,69,69,100.0,2.8863300748671423,23.490431657272946,26.47291027228761
ALL,SPEA2,seconds,240,69,69,100.0,2.8009093690966953,22.930168835049873,25.764589776360097
ALL,MOEA/D,seconds,240,69,69,100.0,2.2480481527725584,18.997562535486374,22.665476564237878
ALL,SMS-EMOA,seconds,240,69,69,100.0,2.9016787905616668,23.44387419396316,26.438693623592503
JSP,XG,seconds,240,19,19,100.0,3.5596082830413915,16.83719511484406,11.32292622553319
JSP,XH,seconds,240,19,19,100.0,0.27079073591193636,1.3659430207658403,1.7290189716204727
JSP,XT,seconds,240,19,19,100.0,0.43364792246361034,3.012675462903848,3.3346581978098198
JSP,XE,seconds,240,19,19,100.0,2.3091148254940927,12.460690647024292,9.965133190990949
JSP,XHT,seconds,240,19,19,100.0,0.1915075755169798,1.193194649013015,1.1454042650430585
JSP,XHE,seconds,240,19,19,100.0,0.331099436438776,1.5157386467304,2.1159746829678707
JSP,XTE,seconds,240,19,19,100.0,0.4899688044581793,3.278871634326739,3.735958754765897
JSP,XHTE,seconds,240,19,19,100.0,0.22409647911889713,1.1258598444526358,1.945793876139976
JSP,NSGA-II,seconds,240,19,19,100.0,1.6201986253577734,7.02961893637063,13.245139526393674
JSP,SPEA2,seconds,240,19,19,100.0,1.567150478372366,7.174097208498949,12.745328399128287
JSP,MOEA/D,seconds,240,19,19,100.0,1.5749038707152554,6.618747801175884,12.819531192669347
JSP,SMS-EMOA,seconds,240,19,19,100.0,1.6064318603597565,7.160252461987399,13.028715077135924
FJSP,XG,seconds,240,32,32,100.0,2.8485599802891794,21.47230641801704,15.226658519370213
FJSP,XH,seconds,240,32,32,100.0,0.17075192568367475,0.9070649827268629,1.8288442166696603
FJSP,XT,seconds,240,32,32,100.0,1.108394053116383,7.942730329199053,6.908196044285778
FJSP,XE,seconds,240,32,32,100.0,2.1023587344226122,15.840973617657092,12.146980491991128
FJSP,XHT,seconds,240,32,32,100.0,0.1926157899407012,0.9213478810655339,2.263979029358598
FJSP,XHE,seconds,240,32,32,100.0,0.2696926772716941,1.4029746309077877,2.6878731129433966
FJSP,XTE,seconds,240,32,32,100.0,1.100102999741623,7.942758766802832,6.974666117686128
FJSP,XHTE,seconds,240,32,32,100.0,0.23790304569794515,1.1336347339402162,2.8806445351547554
FJSP,NSGA-II,seconds,240,32,32,100.0,4.663225037302516,44.32179404508907,47.01878414122598
FJSP,SPEA2,seconds,240,32,32,100.0,4.545427609289533,43.17188223176762,45.75248877457942
FJSP,MOEA/D,seconds,240,32,32,100.0,3.757241968561815,36.49513832670224,40.40068386467886
FJSP,SMS-EMOA,seconds,240,32,32,100.0,4.687649829061493,44.13997294924844,46.87269568110733
PFSP,XG,seconds,240,18,18,100.0,4.588611970263305,14.608537924413682,16.894952032820203
PFSP,XH,seconds,240,18,18,100.0,2.85287382739317,8.540236356413034,12.13578584975319
PFSP,XT,seconds,240,18,18,100.0,2.798845872561492,9.187950196701598,10.939950787732231
PFSP,XE,seconds,240,18,18,100.0,0.34255287173637594,1.7183605825131971,1.776258177639943
PFSP,XHT,seconds,240,18,18,100.0,2.247074577210958,6.827360743629075,10.103746815316116
PFSP,XHE,seconds,240,18,18,100.0,0.9578714475314795,2.975628129978139,4.692500517767465
PFSP,XTE,seconds,240,18,18,100.0,0.8980842443361824,3.1830711377783643,4.147999696988656
PFSP,XHTE,seconds,240,18,18,100.0,1.0906970705694494,3.3763602417321312,5.586222384013952
PFSP,NSGA-II,seconds,240,18,18,100.0,1.0638777827974788,3.832200839885618,3.9095591815074346
PFSP,SPEA2,seconds,240,18,18,100.0,1.0018446600739979,3.576309513355415,3.973100788825991
PFSP,MOEA/D,seconds,240,18,18,100.0,0.2755781113188114,0.9572877928747959,1.5291614778873481
PFSP,SMS-EMOA,seconds,240,18,18,100.0,1.0938242595528829,3.839077123874863,4.266556209270316
